2007.07.22,00:00,1.04804,1.0484,1.04708,1.0477,17488
2007.07.23,00:00,1.0477,1.0479,1.0425,1.0465,1243279
2007.07.24,00:00,1.0466,1.04735,1.03405,1.037,1249046
2007.07.25,00:00,1.037,1.0448,1.034,1.0412,1241928
2007.07.26,00:00,1.0412,1.0571,1.04029,1.0532,1295846
2007.07.27,00:00,1.0532,1.0648,1.0524,1.0639,1492336
2007.07.29,00:00,1.06401,1.065,1.0638,1.06466,15830
2007.07.30,00:00,1.06475,1.0701,1.06413,1.065,1292246
2007.07.31,00:00,1.065,1.0683,1.0584,1.0669,1764270
2007.08.01,00:00,1.0669,1.0696,1.0551,1.0575,1545543
2007.08.02,00:00,1.0575,1.0599,1.0508,1.0537,1053214
2007.08.03,00:00,1.0538,1.0576,1.05,1.0565,1311852
2007.08.05,00:00,1.0564,1.0579,1.05574,1.0569,26940
2007.08.06,00:00,1.0568,1.05885,1.0488,1.05165,1089077
2007.08.07,00:00,1.05165,1.05745,1.05129,1.0538,1072175
2007.08.08,00:00,1.05375,1.05655,1.0461,1.048,1021196
2007.08.09,00:00,1.048,1.0642,1.04695,1.0577,1667449
2007.08.10,00:00,1.0577,1.0617,1.05145,1.0529,1456861
2007.08.12,00:00,1.0535,1.0545,1.0531,1.0538,27654
2007.08.13,00:00,1.0538,1.0564,1.0484,1.0559,1433134
2007.08.14,00:00,1.0559,1.069,1.0544,1.0689,1740729
2007.08.15,00:00,1.0689,1.0811,1.0685,1.0805,2391035
2007.08.16,00:00,1.0805,1.0865,1.0675,1.0769,1773840
2007.08.17,00:00,1.0769,1.0794,1.0557,1.0595,840863
2007.08.19,00:00,1.0599,1.0624,1.05978,1.0621,31997
2007.08.20,00:00,1.0621,1.0624,1.0531,1.0556,1008823
2007.08.21,00:00,1.0556,1.0656,1.05544,1.0647,1270047
2007.08.22,00:00,1.0647,1.0665,1.0572,1.0594,1300819
2007.08.23,00:00,1.0595,1.0612,1.04725,1.0543,1612253
2007.08.24,00:00,1.0541,1.0567,1.0491,1.0517,1318274
2007.08.26,00:00,1.05168,1.05218,1.0496,1.0497,32135
2007.08.27,00:00,1.0497,1.0556,1.047,1.0555,1123407
2007.08.28,00:00,1.0555,1.0666,1.0534,1.0665,1557625
2007.08.29,00:00,1.0665,1.0677,1.0564,1.0611,1469802
2007.08.30,00:00,1.06085,1.0661,1.0543,1.05555,1232291
2007.08.31,00:00,1.0559,1.0593,1.0506,1.0553,1106996
2007.09.02,00:00,1.05529,1.05565,1.05397,1.05448,34410
2007.09.03,00:00,1.0547,1.0551,1.0512,1.05262,424169
2007.09.04,00:00,1.0529,1.0569,1.048,1.049,984310
2007.09.05,00:00,1.049,1.0566,1.04802,1.05347,1114317
2007.09.06,00:00,1.0536,1.0582,1.05065,1.0521,1002952
2007.09.07,00:00,1.0521,1.0576,1.0478,1.055,1033145
2007.09.09,00:00,1.05448,1.0573,1.05378,1.0563,26143
2007.09.10,00:00,1.0563,1.0591,1.0504,1.05245,697880
2007.09.11,00:00,1.05245,1.05305,1.0409,1.04238,1426345
2007.09.12,00:00,1.0425,1.0445,1.0353,1.03723,1578609
2007.09.13,00:00,1.03755,1.03805,1.0311,1.03505,973334
2007.09.14,00:00,1.03506,1.03545,1.0277,1.0297,866940
2007.09.16,00:00,1.0296,1.031,1.0294,1.0309,73868
2007.09.17,00:00,1.0309,1.0311,1.02395,1.028,801237
2007.09.18,00:00,1.028,1.0287,1.01205,1.0142,628734
2007.09.19,00:00,1.01415,1.01765,1.0081,1.0133,907881
2007.09.20,00:00,1.0133,1.0144,0.99915,1.0003,990600
2007.09.21,00:00,1.0003,1.00575,0.99315,1.0003,678983
2007.09.23,00:00,0.99957,1.0004,0.99777,0.99821,43490
2007.09.24,00:00,0.9986,1.0034,0.99659,1.00278,685253
2007.09.25,00:00,1.0029,1.00645,0.9997,1.0039,677504
2007.09.26,00:00,1.0039,1.00945,1.0025,1.0049,759200
2007.09.27,00:00,1.005,1.0053,0.9976,1.00108,781032
2007.09.28,00:00,1.0016,1.0019,0.9913,0.9919,825270
2007.09.30,00:00,0.99323,0.9937,0.9919,0.9923,28439
2007.10.01,00:00,0.9924,0.9957,0.99084,0.9921,673711
2007.10.02,00:00,0.9921,1.0012,0.9915,0.99844,871281
2007.10.03,00:00,0.9984,0.9997,0.9935,0.99845,645631
2007.10.04,00:00,0.99875,1.00155,0.9959,0.99643,825294
2007.10.05,00:00,0.99685,0.9983,0.9786,0.9803,1040011
2007.10.07,00:00,0.98058,0.98275,0.97966,0.9814,27086
2007.10.08,00:00,0.9816,0.9876,0.98045,0.98636,452250
2007.10.09,00:00,0.98643,0.9895,0.979,0.9821,845099
2007.10.10,00:00,0.9821,0.9835,0.9791,0.9816,789260
2007.10.11,00:00,0.9816,0.9826,0.9728,0.9757,1083539
2007.10.12,00:00,0.9757,0.9798,0.9716,0.9717,915635
2007.10.14,00:00,0.97168,0.9735,0.9704,0.9728,79142
2007.10.15,00:00,0.9728,0.9778,0.9706,0.976,1429773
2007.10.16,00:00,0.976,0.9815,0.97435,0.97825,1163206
2007.10.17,00:00,0.97825,0.9821,0.9726,0.9753,759523
2007.10.18,00:00,0.9753,0.97775,0.97185,0.97385,820991
2007.10.19,00:00,0.97385,0.9755,0.9632,0.96655,946082
2007.10.21,00:00,0.9666,0.9692,0.9659,0.9681,64071
2007.10.22,00:00,0.9681,0.98245,0.96605,0.9782,1030253
2007.10.23,00:00,0.97815,0.9782,0.96255,0.96615,1897352
2007.10.24,00:00,0.96625,0.9734,0.96435,0.96935,2944215
2007.10.25,00:00,0.9693,0.9699,0.96145,0.96615,2750046
2007.10.26,00:00,0.96615,0.96675,0.959,0.96175,2557252
2007.10.28,00:00,0.96132,0.96255,0.96006,0.961,191082
2007.10.29,00:00,0.961,0.96275,0.9514,0.9535,2776249
2007.10.30,00:00,0.9535,0.9576,0.95135,0.95345,2369518
2007.10.31,00:00,0.9534,0.9565,0.94175,0.94685,847912
2007.11.01,00:00,0.94685,0.9522,0.9423,0.95065,1007965
2007.11.02,00:00,0.95065,0.95175,0.9325,0.93435,800779
2007.11.04,00:00,0.93493,0.93625,0.93472,0.9359,36709
2007.11.05,00:00,0.9359,0.937,0.9304,0.933,786631
2007.11.06,00:00,0.933,0.9333,0.91595,0.91865,873819
2007.11.07,00:00,0.91865,0.94035,0.9057,0.93345,954913
2007.11.08,00:00,0.93345,0.93925,0.9236,0.93465,971679
2007.11.09,00:00,0.9345,0.94459,0.92505,0.94422,936643
2007.11.11,00:00,0.94554,0.9487,0.94295,0.9447,33631
2007.11.12,00:00,0.9447,0.9723,0.9433,0.97,1039280
2007.11.13,00:00,0.9699,0.97015,0.9522,0.9576,1138324
2007.11.14,00:00,0.9576,0.96765,0.95125,0.9656,999160
2007.11.15,00:00,0.9656,0.9887,0.96035,0.9853,975228
2007.11.16,00:00,0.9853,0.9883,0.97045,0.97247,683652
2007.11.18,00:00,0.97664,0.977,0.97435,0.97505,23080
2007.11.19,00:00,0.97505,0.9853,0.97035,0.984,816457
2007.11.20,00:00,0.984,0.9864,0.9743,0.9813,758630
2007.11.21,00:00,0.9813,0.9924,0.97885,0.9872,636126
2007.11.22,00:00,0.98725,0.98805,0.97875,0.9848,370660
2007.11.23,00:00,0.98485,0.9898,0.97955,0.98765,349884
2007.11.25,00:00,0.98679,0.9874,0.98405,0.98555,47552
2007.11.26,00:00,0.98555,0.99135,0.9799,0.9887,1281038
2007.11.27,00:00,0.9887,1.00005,0.982,0.99575,2126017
2007.11.28,00:00,0.99575,0.99985,0.98385,0.98685,2428992
2007.11.29,00:00,0.98685,0.99935,0.98345,0.99675,2345545
2007.11.30,00:00,0.99675,1.00185,0.9921,0.99784,1910369
2007.12.02,00:00,0.9991,0.9997,0.9975,0.99855,52957
2007.12.03,00:00,0.9985,1.0042,0.9975,0.9998,593827
2007.12.04,00:00,0.99975,1.01525,0.9992,1.0119,592673
2007.12.05,00:00,1.012,1.0215,1.00965,1.0114,603167
2007.12.06,00:00,1.01145,1.01935,1.0074,1.0086,400795
2007.12.07,00:00,1.00835,1.01495,1.0007,1.00458,362554
2007.12.09,00:00,1.00393,1.0062,1.00354,1.00565,44749
2007.12.10,00:00,1.00565,1.01175,1.0005,1.006,322223
2007.12.11,00:00,1.006,1.01655,1.00385,1.01195,445418
2007.12.12,00:00,1.01195,1.01755,1.0055,1.0115,693438
2007.12.13,00:00,1.01155,1.02325,1.0094,1.0195,1250832
2007.12.14,00:00,1.0195,1.02485,1.01275,1.01644,1496782
2007.12.16,00:00,1.01741,1.019,1.01628,1.01805,43614
2007.12.17,00:00,1.0182,1.02275,1.00265,1.0057,337646
2007.12.18,00:00,1.0057,1.01435,1.00125,1.0054,400182
2007.12.19,00:00,1.0053,1.00915,1.00076,1.00215,468201
2007.12.20,00:00,1.00215,1.00475,0.9952,1.00015,647694
2007.12.21,00:00,1.0002,1.001,0.99076,0.99135,493801
2007.12.23,00:00,0.99122,0.99285,0.9907,0.9921,9270
2007.12.24,00:00,0.9922,0.9934,0.98261,0.98475,279363
2007.12.25,00:00,0.9848,0.98652,0.98342,0.9851,309747
2007.12.26,00:00,0.98522,0.98649,0.9797,0.97995,389713
2007.12.27,00:00,0.9799,0.98535,0.9784,0.9806,357081
2007.12.28,00:00,0.9802,0.9848,0.97555,0.98137,167669
2007.12.30,00:00,0.98048,0.9809,0.9785,0.9804,14794
2007.12.31,00:00,0.9804,0.99867,0.97569,0.99771,133986
2008.01.01,00:00,0.9976,0.99797,0.99083,0.9927,46146
2008.01.02,00:00,0.9927,0.9971,0.98605,0.9943,332476
2008.01.03,00:00,0.9943,0.99655,0.987,0.9888,267817
2008.01.04,00:00,0.9888,1.00408,0.98415,1.00214,369634
2008.01.06,00:00,1.00177,1.0027,0.99995,1.0,20435
2008.01.07,00:00,1.0,1.00795,0.99675,1.00555,730826
2008.01.08,00:00,1.00555,1.00765,0.9966,1.0046,583876
2008.01.09,00:00,1.0046,1.01235,1.00185,1.00965,549681
2008.01.10,00:00,1.00965,1.0151,1.0051,1.0089,854001
2008.01.11,00:00,1.0088,1.02215,1.0067,1.01861,1206877
2008.01.13,00:00,1.01932,1.0204,1.0185,1.0189,25459
2008.01.14,00:00,1.0189,1.0211,1.01465,1.0174,1184259
2008.01.15,00:00,1.0174,1.0199,1.0124,1.0181,1178364
2008.01.16,00:00,1.0181,1.02825,1.01525,1.0227,1329022
2008.01.17,00:00,1.0227,1.03075,1.0182,1.0293,1111449
2008.01.18,00:00,1.0293,1.0308,1.02155,1.02651,878537
2008.01.20,00:00,1.02575,1.02735,1.02536,1.0273,19251
2008.01.21,00:00,1.0272,1.0359,1.02674,1.0359,479730
2008.01.22,00:00,1.0359,1.0379,1.02055,1.0274,1353114
2008.01.23,00:00,1.0274,1.0317,1.0221,1.0234,1907558
2008.01.24,00:00,1.0233,1.0255,1.00125,1.0043,848350
2008.01.25,00:00,1.0043,1.011,1.00225,1.00746,805565
2008.01.27,00:00,1.0091,1.0095,1.0076,1.00865,33297
2008.01.28,00:00,1.0087,1.0118,1.0022,1.0047,784756
2008.01.29,00:00,1.0045,1.0071,0.9944,0.99835,611539
2008.01.30,00:00,0.9982,1.0001,0.987,0.9953,611892
2008.01.31,00:00,0.9953,1.0086,0.99255,1.0012,811929
2008.02.01,00:00,1.0013,1.00355,0.99149,0.99482,465275
2008.02.03,00:00,0.99409,0.99565,0.99327,0.99515,37285
2008.02.04,00:00,0.99515,1.00145,0.99215,0.9939,407651
2008.02.05,00:00,0.9939,1.0082,0.9935,1.0079,764100
2008.02.06,00:00,1.0079,1.0102,1.0006,1.00695,886322
2008.02.07,00:00,1.00695,1.0128,1.0044,1.0091,195893
2008.02.08,00:00,1.0091,1.0101,0.9947,0.99811,167502
2008.02.10,00:00,0.99943,1.00105,0.99844,0.9996,5761
2008.02.11,00:00,0.9996,1.00345,0.99555,1.0023,125071
2008.02.12,00:00,1.0023,1.0043,0.99385,1.0007,130113
2008.02.13,00:00,1.0007,1.00285,0.9964,0.99795,110225
2008.02.14,00:00,0.998,1.0016,0.9937,1.00015,138778
2008.02.15,00:00,1.00015,1.0112,0.99195,1.00594,109042
2008.02.17,00:00,1.00901,1.0094,1.0078,1.00835,28160
2008.02.18,00:00,1.00835,1.0098,1.0048,1.00765,95957
2008.02.19,00:00,1.00765,1.0176,1.0018,1.0155,528717
2008.02.20,00:00,1.0155,1.0197,1.0106,1.0125,457312
2008.02.21,00:00,1.0125,1.0142,1.00675,1.0114,177350
2008.02.22,00:00,1.0114,1.01665,1.00715,1.01243,232287
2008.02.24,00:00,1.01252,1.0129,1.01165,1.01185,6082
2008.02.25,00:00,1.01185,1.01215,0.9947,0.9954,516601
2008.02.26,00:00,0.9954,0.9984,0.9783,0.9818,628736
2008.02.27,00:00,0.9818,0.9831,0.97582,0.9814,1356918
2008.02.28,00:00,0.9814,0.9821,0.9711,0.97605,1187327
2008.02.29,00:00,0.97605,0.98894,0.9753,0.98742,813241
2008.03.02,00:00,0.9853,0.9866,0.9834,0.984,33139
2008.03.03,00:00,0.984,0.9933,0.9827,0.9889,593236
2008.03.04,00:00,0.9889,0.99765,0.9853,0.99405,698145
2008.03.05,00:00,0.99405,0.9953,0.98345,0.9849,867872
2008.03.06,00:00,0.9849,0.9884,0.9818,0.98465,903074
2008.03.07,00:00,0.98465,0.9923,0.97365,0.99003,1287053
2008.03.09,00:00,0.98974,0.9901,0.98794,0.9895,121882
2008.03.10,00:00,0.9895,0.99825,0.98555,0.9959,1117355
2008.03.11,00:00,0.9959,0.9971,0.98905,0.99155,813721
2008.03.12,00:00,0.99155,0.9935,0.98365,0.99015,1238052
2008.03.13,00:00,0.99015,0.9916,0.9796,0.98435,790238
2008.03.14,00:00,0.98435,0.9965,0.9815,0.9888,1264410
2008.03.16,00:00,0.98854,0.9888,0.9857,0.9888,145669
2008.03.17,00:00,0.9888,1.0013,0.9862,0.99475,1761884
2008.03.18,00:00,0.99445,0.99825,0.9885,0.98955,1376033
2008.03.19,00:00,0.98955,1.0173,0.9875,1.0117,941094
2008.03.20,00:00,1.0117,1.0294,1.0117,1.0224,1098857
2008.03.21,00:00,1.0225,1.0264,1.02181,1.0229,1499898
2008.03.23,00:00,1.02497,1.02655,1.02406,1.0254,241739
2008.03.24,00:00,1.0254,1.03085,1.0156,1.0187,1067308
2008.03.25,00:00,1.0187,1.02225,1.0126,1.0182,930623
2008.03.26,00:00,1.0182,1.0206,1.0094,1.01835,685408
2008.03.27,00:00,1.01835,1.02335,1.0126,1.0162,1152531
2008.03.28,00:00,1.0162,1.0228,1.0143,1.0219,605534
2008.03.30,00:00,1.022,1.02305,1.02165,1.02275,96956
2008.03.31,00:00,1.02275,1.02925,1.01905,1.02605,1367649
2008.04.01,00:00,1.02605,1.0326,1.02055,1.0231,1376988
2008.04.02,00:00,1.0231,1.0243,1.013,1.0139,784736
2008.04.03,00:00,1.0139,1.0166,1.00265,1.0044,1105244
2008.04.04,00:00,1.0044,1.01025,1.00185,1.00807,617459
2008.04.06,00:00,1.00838,1.0095,1.0065,1.0074,371251
2008.04.07,00:00,1.0074,1.0152,1.00395,1.0127,643557
2008.04.08,00:00,1.0127,1.0173,1.0106,1.01495,1564865
2008.04.09,00:00,1.01495,1.02185,1.01255,1.01905,634732
2008.04.10,00:00,1.01905,1.0225,1.0155,1.0178,227479
2008.04.11,00:00,1.0178,1.0248,1.01325,1.0229,149445
2008.04.13,00:00,1.02644,1.027,1.0239,1.0242,32592
2008.04.14,00:00,1.0242,1.0273,1.0176,1.0197,178173
2008.04.15,00:00,1.0197,1.0238,1.0163,1.0177,218935
2008.04.16,00:00,1.0177,1.0185,1.0,1.001,253175
2008.04.17,00:00,1.001,1.0142,0.99875,1.0104,238350
2008.04.18,00:00,1.0104,1.0144,1.0025,1.004,205109
2008.04.20,00:00,1.00505,1.0066,1.004,1.0059,27817
2008.04.21,00:00,1.0059,1.0093,0.9997,1.0058,134238
2008.04.22,00:00,1.0058,1.01535,1.00245,1.0081,191239
2008.04.23,00:00,1.0081,1.02145,1.00595,1.017,151113
2008.04.24,00:00,1.017,1.02105,1.01205,1.0146,172432
2008.04.25,00:00,1.0146,1.02035,1.0122,1.0131,112710
2008.04.27,00:00,1.01357,1.01439,1.01,1.0101,26608
2008.04.28,00:00,1.0101,1.01835,1.00665,1.0125,90343
2008.04.29,00:00,1.0125,1.0164,1.0109,1.0122,66840
2008.04.30,00:00,1.0122,1.0143,1.0037,1.0073,102320
2008.05.01,00:00,1.0073,1.02365,1.00623,1.01771,103648
2008.05.02,00:00,1.01776,1.0243,1.01475,1.0189,87701
2008.05.04,00:00,1.0191,1.02,1.0183,1.0192,8811
2008.05.05,00:00,1.0193,1.0194,1.0112,1.0113,103693
2008.05.06,00:00,1.0112,1.01455,0.9998,1.0019,194143
2008.05.07,00:00,1.0019,1.0128,1.00055,1.0123,138562
2008.05.08,00:00,1.0125,1.0176,1.0084,1.0172,112316
2008.05.09,00:00,1.0172,1.0172,1.0046,1.0053,75887
2008.05.11,00:00,1.00556,1.0065,1.00497,1.00615,15835
2008.05.12,00:00,1.00615,1.0107,1.0025,1.00527,48008
2008.05.13,00:00,1.0053,1.0094,0.99845,1.00344,54658
2008.05.14,00:00,1.00365,1.00675,0.99635,1.0044,54241
2008.05.15,00:00,1.0044,1.0062,0.99875,1.0002,64751
2008.05.16,00:00,1.0002,1.002,0.9943,0.9989,67829
2008.05.18,00:00,0.99931,0.99983,0.99874,0.9996,8143
2008.05.19,00:00,0.9996,1.0,0.9898,0.9921,79003
2008.05.20,00:00,0.9921,0.9957,0.9874,0.9917,118219
2008.05.21,00:00,0.9917,0.9919,0.9819,0.9836,84633
2008.05.22,00:00,0.9836,0.98755,0.98265,0.9849,64685
2008.05.23,00:00,0.985,0.9898,0.9833,0.9896,62222
2008.05.25,00:00,0.98847,0.9889,0.9868,0.98713,14470
2008.05.26,00:00,0.9873,0.99335,0.98596,0.99085,91223
2008.05.27,00:00,0.99085,0.9948,0.9868,0.99363,120941
2008.05.28,00:00,0.99385,0.9958,0.98795,0.9887,98708
2008.05.29,00:00,0.9887,0.9921,0.9824,0.9898,55962
2008.05.30,00:00,0.9899,0.99785,0.9873,0.9934,104782
2008.06.01,00:00,0.9947,0.9955,0.99412,0.995,4878
2008.06.02,00:00,0.995,1.0028,0.99275,1.0007,104070
2008.06.03,00:00,1.0007,1.0096,0.99675,1.0088,50228
2008.06.04,00:00,1.0088,1.0191,1.00795,1.0161,54189
2008.06.05,00:00,1.0161,1.0219,1.014,1.0175,46007
2008.06.06,00:00,1.0175,1.0215,1.01595,1.0194,45426
2008.06.08,00:00,1.01817,1.01857,1.0171,1.0176,4676
2008.06.09,00:00,1.0174,1.02415,1.015,1.02232,52152
2008.06.10,00:00,1.02229,1.0323,1.0195,1.0225,112651
2008.06.11,00:00,1.0225,1.0245,1.0152,1.0201,108062
2008.06.12,00:00,1.0199,1.02775,1.01956,1.02157,214624
2008.06.13,00:00,1.0218,1.0297,1.02159,1.0291,141191
2008.06.15,00:00,1.02806,1.0293,1.0275,1.0291,8549
2008.06.16,00:00,1.0291,1.0298,1.0196,1.0236,284064
2008.06.17,00:00,1.0236,1.0247,1.0167,1.0177,273511
2008.06.18,00:00,1.0177,1.0211,1.01643,1.01725,265322
2008.06.19,00:00,1.01707,1.0187,1.0109,1.01575,240867
2008.06.20,00:00,1.01575,1.0195,1.01,1.01625,239320
2008.06.22,00:00,1.01654,1.0167,1.0128,1.0137,26499
2008.06.23,00:00,1.0137,1.01915,1.01335,1.01535,158282
2008.06.24,00:00,1.01532,1.0172,1.0109,1.0122,131202
2008.06.25,00:00,1.0122,1.0143,1.00866,1.00965,301132
2008.06.26,00:00,1.00965,1.0142,1.0081,1.01294,206355
2008.06.27,00:00,1.0132,1.01336,1.0048,1.0104,230259
2008.06.29,00:00,1.01042,1.0115,1.00875,1.00962,13076
2008.06.30,00:00,1.00931,1.0217,1.00615,1.0202,393911
2008.07.01,00:00,1.0202,1.024,1.0142,1.02185,234442
2008.07.02,00:00,1.02185,1.0226,1.00875,1.0122,268729
2008.07.03,00:00,1.0122,1.0218,1.012,1.01853,253569
2008.07.04,00:00,1.0187,1.0203,1.01395,1.0186,138237
2008.07.06,00:00,1.01799,1.0195,1.01751,1.0179,17444
2008.07.07,00:00,1.0179,1.0232,1.01495,1.01789,201296
2008.07.08,00:00,1.018,1.0231,1.0156,1.0193,214499
2008.07.09,00:00,1.0193,1.0194,1.0097,1.0108,211199
2008.07.10,00:00,1.0108,1.01355,1.00755,1.009,188417
2008.07.11,00:00,1.0087,1.01785,1.0068,1.00895,281045
2008.07.13,00:00,1.0077,1.009,1.00654,1.00861,11398
2008.07.14,00:00,1.0085,1.0139,1.0042,1.0065,282665
2008.07.15,00:00,1.00645,1.00667,0.9974,1.0012,300016
2008.07.16,00:00,1.0012,1.0048,0.99955,1.00065,216991
2008.07.17,00:00,1.0007,1.008,0.99785,1.0046,233654
2008.07.18,00:00,1.0046,1.00785,1.00215,1.0053,195720
2008.07.20,00:00,1.0051,1.00715,1.00493,1.0064,4597
2008.07.21,00:00,1.0064,1.0069,0.9991,1.0009,181024
2008.07.22,00:00,1.0009,1.0115,0.9999,1.0075,244346
2008.07.23,00:00,1.00755,1.0117,1.0056,1.011,285758
2008.07.24,00:00,1.011,1.0167,1.0076,1.0145,234867
2008.07.25,00:00,1.0145,1.0207,1.0127,1.0196,210089
2008.07.27,00:00,1.01921,1.0198,1.0184,1.01925,5753
2008.07.28,00:00,1.0195,1.02445,1.0173,1.0221,228843
2008.07.29,00:00,1.0221,1.0273,1.02019,1.0239,247648
2008.07.30,00:00,1.02395,1.027,1.02156,1.0235,209319
2008.07.31,00:00,1.0234,1.0264,1.0213,1.0235,228504
2008.08.01,00:00,1.0235,1.0297,1.0229,1.027,211813
2008.08.03,00:00,1.02652,1.0286,1.02578,1.0281,7676
2008.08.04,00:00,1.0281,1.03695,1.02601,1.0365,256196
2008.08.05,00:00,1.0365,1.04525,1.0365,1.0427,310673
2008.08.06,00:00,1.0427,1.0494,1.04005,1.0475,254342
2008.08.07,00:00,1.04755,1.0537,1.0448,1.052,216003
2008.08.08,00:00,1.052,1.06955,1.052,1.0664,375147
2008.08.10,00:00,1.06726,1.0681,1.066,1.06715,15346
2008.08.11,00:00,1.0671,1.0716,1.06105,1.0691,246672
2008.08.12,00:00,1.06915,1.0728,1.0615,1.0668,316184
2008.08.13,00:00,1.0669,1.0716,1.0584,1.06225,274611
2008.08.14,00:00,1.0623,1.0656,1.05625,1.0656,276008
2008.08.15,00:00,1.0656,1.06935,1.0581,1.059,178397
2008.08.17,00:00,1.059,1.0599,1.05865,1.05893,9249
2008.08.18,00:00,1.0589,1.06475,1.05425,1.064,180395
2008.08.19,00:00,1.06405,1.0668,1.05915,1.0602,200343
2008.08.20,00:00,1.0602,1.0652,1.05695,1.0597,287395
2008.08.21,00:00,1.0597,1.0598,1.0421,1.04445,324772
2008.08.22,00:00,1.0445,1.0488,1.0419,1.0469,279250
2008.08.24,00:00,1.04905,1.04924,1.04581,1.0467,17781
2008.08.25,00:00,1.0467,1.0525,1.044,1.0511,203548
2008.08.26,00:00,1.0511,1.0561,1.0411,1.0486,246434
2008.08.27,00:00,1.0486,1.0495,1.0426,1.0461,189784
2008.08.28,00:00,1.0462,1.05385,1.04298,1.05099,282260
2008.08.29,00:00,1.0509,1.06435,1.047,1.0641,247133
2008.08.31,00:00,1.062,1.0629,1.06082,1.062,8214
2008.09.01,00:00,1.062,1.0695,1.0613,1.06762,143387
2008.09.02,00:00,1.06805,1.0747,1.06605,1.0688,250032
2008.09.03,00:00,1.0688,1.0776,1.0577,1.0611,285131
2008.09.04,00:00,1.0611,1.0729,1.0542,1.0685,289196
2008.09.05,00:00,1.0685,1.07095,1.0601,1.06193,354814
2008.09.07,00:00,1.05792,1.06045,1.05549,1.059,15485
2008.09.08,00:00,1.059,1.07125,1.05492,1.0652,341102
2008.09.09,00:00,1.0653,1.0726,1.0603,1.0707,337380
2008.09.10,00:00,1.0707,1.07455,1.0656,1.074,287417
2008.09.11,00:00,1.074,1.08205,1.0699,1.0744,272786
2008.09.12,00:00,1.0744,1.0752,1.0587,1.0597,248658
2008.09.14,00:00,1.06057,1.06535,1.06043,1.0624,15519
2008.09.15,00:00,1.0624,1.075,1.05695,1.06895,281360
2008.09.16,00:00,1.0691,1.0748,1.06695,1.0672,262343
2008.09.17,00:00,1.0672,1.0808,1.06145,1.07075,291783
2008.09.18,00:00,1.0707,1.07255,1.0575,1.0617,284860
2008.09.19,00:00,1.0617,1.0667,1.043,1.0465,189814
2008.09.21,00:00,1.04631,1.0506,1.04574,1.0477,12474
2008.09.22,00:00,1.04775,1.0514,1.0314,1.03285,183468
2008.09.23,00:00,1.03285,1.03985,1.03035,1.03495,197286
2008.09.24,00:00,1.0351,1.0392,1.0312,1.03659,160358
2008.09.25,00:00,1.03699,1.0373,1.02965,1.03255,172618
2008.09.26,00:00,1.03255,1.03725,1.03145,1.0336,163568
2008.09.28,00:00,1.03372,1.03613,1.03349,1.0342,8147
2008.09.29,00:00,1.0343,1.04865,1.03345,1.04711,180730
2008.09.30,00:00,1.0474,1.0661,1.0439,1.06155,175703
2008.10.01,00:00,1.0618,1.0657,1.05465,1.0635,195241
2008.10.02,00:00,1.0635,1.0807,1.06191,1.0795,177411
2008.10.03,00:00,1.0795,1.08425,1.0725,1.0827,187657
2008.10.05,00:00,1.08205,1.0852,1.08095,1.0849,11665
2008.10.06,00:00,1.0849,1.1088,1.08305,1.1001,290020
2008.10.07,00:00,1.10015,1.1086,1.09494,1.1064,220391
2008.10.08,00:00,1.1064,1.1285,1.0994,1.1266,4122348
2008.10.09,00:00,1.1266,1.1552,1.11865,1.1535,5417295
2008.10.10,00:00,1.1535,1.21205,1.152,1.1724,4601665
2008.10.12,00:00,1.16714,1.1703,1.16445,1.16835,122799
2008.10.13,00:00,1.16855,1.17925,1.14115,1.1416,3342654
2008.10.14,00:00,1.1416,1.1649,1.1294,1.1644,5038337
2008.10.15,00:00,1.1645,1.1929,1.1533,1.1921,4147672
2008.10.16,00:00,1.1922,1.1994,1.175,1.1829,4356782
2008.10.17,00:00,1.1829,1.1929,1.1772,1.1823,3345249
2008.10.19,00:00,1.18128,1.18565,1.18,1.1832,550610
2008.10.20,00:00,1.1832,1.19795,1.174,1.1917,2191565
2008.10.21,00:00,1.19175,1.2206,1.1903,1.21405,3577210
2008.10.22,00:00,1.2141,1.25975,1.21351,1.2571,3968575
2008.10.23,00:00,1.2572,1.2739,1.24285,1.24785,3720774
2008.10.24,00:00,1.2476,1.2839,1.2474,1.277,2251027
2008.10.26,00:00,1.27655,1.2805,1.2717,1.2726,102716
2008.10.27,00:00,1.2726,1.2982,1.2699,1.2976,1464772
2008.10.28,00:00,1.2976,1.3014,1.26755,1.26795,165740
2008.10.29,00:00,1.26795,1.28665,1.2123,1.22175,273775
2008.10.30,00:00,1.22185,1.2241,1.1897,1.20465,262276
2008.10.31,00:00,1.20425,1.2377,1.19405,1.2117,142632
2008.11.02,00:00,1.2094,1.21155,1.20616,1.2097,5175
2008.11.03,00:00,1.20935,1.21065,1.1784,1.1794,142108
2008.11.04,00:00,1.1794,1.1892,1.14685,1.15175,193028
2008.11.05,00:00,1.15175,1.1695,1.1462,1.16765,215199
2008.11.06,00:00,1.1677,1.1987,1.16125,1.1972,252192
2008.11.07,00:00,1.19666,1.202,1.16685,1.1888,160133
2008.11.09,00:00,1.17691,1.18455,1.1766,1.18165,4369
2008.11.10,00:00,1.18235,1.19895,1.16555,1.19276,145615
2008.11.11,00:00,1.1933,1.2096,1.18885,1.2082,98711
2008.11.12,00:00,1.2082,1.24165,1.1982,1.2374,136883
2008.11.13,00:00,1.23725,1.2445,1.2081,1.2119,128736
2008.11.14,00:00,1.21205,1.2365,1.2101,1.23615,113084
2008.11.16,00:00,1.23819,1.24175,1.23383,1.2417,2991
2008.11.17,00:00,1.2417,1.2419,1.21085,1.2277,130041
2008.11.18,00:00,1.2277,1.23835,1.21765,1.23065,112712
2008.11.19,00:00,1.23055,1.2551,1.2284,1.25315,124731
2008.11.20,00:00,1.2532,1.29755,1.25224,1.2951,143820
2008.11.21,00:00,1.29515,1.2982,1.26615,1.2662,144691
2008.11.23,00:00,1.26701,1.2673,1.26535,1.26685,3681
2008.11.24,00:00,1.2669,1.27709,1.22395,1.23375,205557
2008.11.25,00:00,1.2341,1.2477,1.2124,1.2252,255057
2008.11.26,00:00,1.2254,1.2411,1.2158,1.2292,199042
2008.11.27,00:00,1.2292,1.237,1.2234,1.2337,121476
2008.11.28,00:00,1.2337,1.2465,1.2308,1.239,189138
2008.11.30,00:00,1.23642,1.2419,1.23525,1.2415,4121
2008.12.01,00:00,1.2416,1.25245,1.23005,1.24635,209639
2008.12.02,00:00,1.24615,1.25815,1.238,1.2495,191288
2008.12.03,00:00,1.2496,1.2667,1.24635,1.25385,184793
2008.12.04,00:00,1.2537,1.2804,1.25105,1.2751,260418
2008.12.05,00:00,1.2751,1.30055,1.26515,1.27075,276672
2008.12.07,00:00,1.27084,1.2752,1.26998,1.2735,3649
2008.12.08,00:00,1.2735,1.27395,1.2446,1.2529,235319
2008.12.09,00:00,1.253,1.27435,1.2506,1.25995,259428
2008.12.10,00:00,1.25985,1.26645,1.24855,1.25645,223754
2008.12.11,00:00,1.25655,1.25895,1.21555,1.2361,245547
2008.12.12,00:00,1.23625,1.25115,1.22865,1.24735,171050
2008.12.14,00:00,1.2455,1.24625,1.2421,1.243,4398
2008.12.15,00:00,1.243,1.24385,1.2229,1.2347,191768
2008.12.16,00:00,1.23475,1.2376,1.1983,1.20495,193862
2008.12.17,00:00,1.205,1.21195,1.18945,1.19215,206195
2008.12.18,00:00,1.19215,1.2117,1.18175,1.2034,199807
2008.12.19,00:00,1.2034,1.2394,1.20261,1.2154,191102
2008.12.21,00:00,1.2153,1.21775,1.2146,1.2153,3017
2008.12.22,00:00,1.2157,1.2219,1.1984,1.21911,147938
2008.12.23,00:00,1.21859,1.2251,1.2045,1.2181,123662
2008.12.24,00:00,1.2181,1.22085,1.2076,1.21451,96309
2008.12.25,00:00,1.21443,1.21952,1.21255,1.21473,116897
2008.12.26,00:00,1.214,1.22215,1.21155,1.2216,65037
2008.12.28,00:00,1.21958,1.22045,1.21371,1.21485,5263
2008.12.29,00:00,1.2149,1.22245,1.20705,1.2186,136231
2008.12.30,00:00,1.21835,1.2338,1.21035,1.214,134175
2008.12.31,00:00,1.21165,1.2368,1.21067,1.22341,124526
2009.01.01,00:00,1.22305,1.22382,1.21547,1.2219,127016
2009.01.02,00:00,1.2219,1.227,1.20425,1.2044,112920
2009.01.04,00:00,1.20556,1.2105,1.20425,1.2078,7578
2009.01.05,00:00,1.2078,1.22255,1.1865,1.1875,171812
2009.01.06,00:00,1.18755,1.19995,1.1759,1.18383,184931
2009.01.07,00:00,1.18405,1.19995,1.17725,1.19615,167608
2009.01.08,00:00,1.19615,1.207,1.17685,1.18082,164596
2009.01.09,00:00,1.181,1.19675,1.18015,1.18485,134809
2009.01.11,00:00,1.18711,1.1919,1.18644,1.1901,4020
2009.01.12,00:00,1.19025,1.21945,1.18759,1.2167,166095
2009.01.13,00:00,1.21585,1.234,1.21577,1.22365,210319
2009.01.14,00:00,1.22365,1.2494,1.2103,1.2457,211553
2009.01.15,00:00,1.2457,1.2672,1.24115,1.25155,266605
2009.01.16,00:00,1.25155,1.2576,1.2313,1.24275,273515
2009.01.18,00:00,1.24279,1.24313,1.23692,1.23835,12317
2009.01.19,00:00,1.2384,1.25725,1.23739,1.25315,155777
2009.01.20,00:00,1.25315,1.2697,1.2529,1.2655,206964
2009.01.21,00:00,1.2654,1.27645,1.25395,1.2597,241457
2009.01.22,00:00,1.2595,1.27395,1.25115,1.252,244293
2009.01.23,00:00,1.2525,1.2649,1.22645,1.23055,187060
2009.01.25,00:00,1.23207,1.23785,1.23045,1.23725,6654
2009.01.26,00:00,1.23725,1.2386,1.21385,1.22295,175000
2009.01.27,00:00,1.22295,1.2331,1.215,1.22485,207030
2009.01.28,00:00,1.225,1.23005,1.2024,1.21305,191820
2009.01.29,00:00,1.21305,1.22645,1.21233,1.2245,197133
2009.01.30,00:00,1.2244,1.24155,1.22085,1.229,220373
2009.02.01,00:00,1.22814,1.22925,1.22474,1.22775,4022
2009.02.02,00:00,1.22795,1.24665,1.22765,1.2456,200358
2009.02.03,00:00,1.24545,1.25215,1.22842,1.2323,212260
2009.02.04,00:00,1.2322,1.2436,1.2224,1.23055,200463
2009.02.05,00:00,1.23055,1.2381,1.2227,1.23035,192099
2009.02.06,00:00,1.2304,1.25385,1.21855,1.2188,247761
2009.02.08,00:00,1.22149,1.22218,1.21765,1.22215,13245
2009.02.09,00:00,1.22205,1.2298,1.21235,1.21915,299767
2009.02.10,00:00,1.21935,1.24925,1.2178,1.24125,287166
2009.02.11,00:00,1.2413,1.2531,1.23795,1.2406,236017
2009.02.12,00:00,1.24055,1.2547,1.23893,1.24275,281147
2009.02.13,00:00,1.243,1.24635,1.22785,1.23475,227925
2009.02.15,00:00,1.24015,1.243,1.2381,1.24126,5823
2009.02.16,00:00,1.2418,1.24875,1.2395,1.24195,130477
2009.02.17,00:00,1.2419,1.26715,1.2412,1.2644,353145
2009.02.18,00:00,1.26445,1.2653,1.253,1.2597,281467
2009.02.19,00:00,1.2597,1.2607,1.24655,1.25645,290638
2009.02.20,00:00,1.25645,1.26505,1.242,1.2514,275282
2009.02.22,00:00,1.24989,1.25195,1.24875,1.25195,3677
2009.02.23,00:00,1.25175,1.25555,1.23495,1.25045,336777
2009.02.24,00:00,1.25095,1.254,1.23955,1.2401,292933
2009.02.25,00:00,1.2402,1.2612,1.23965,1.255,324419
2009.02.26,00:00,1.255,1.2575,1.23945,1.2526,237320
2009.02.27,00:00,1.25265,1.27545,1.2516,1.2746,266413
2009.03.01,00:00,1.27665,1.27925,1.2756,1.27895,8910
2009.03.02,00:00,1.27905,1.29323,1.27205,1.29025,314406
2009.03.03,00:00,1.29025,1.29735,1.2804,1.29375,301903
2009.03.04,00:00,1.29375,1.2967,1.27105,1.27625,282896
2009.03.05,00:00,1.27625,1.2911,1.27455,1.2875,307759
2009.03.06,00:00,1.2875,1.28965,1.27645,1.2859,296258
2009.03.08,00:00,1.28472,1.28575,1.2818,1.28215,8777
2009.03.09,00:00,1.28225,1.30635,1.28121,1.2983,324274
2009.03.10,00:00,1.2983,1.2988,1.27245,1.2807,289659
2009.03.11,00:00,1.28065,1.2902,1.27505,1.2892,281177
2009.03.12,00:00,1.28925,1.29565,1.2766,1.27915,309691
2009.03.13,00:00,1.27915,1.28425,1.26245,1.2712,286806
2009.03.15,00:00,1.27181,1.27925,1.27098,1.27635,9892
2009.03.16,00:00,1.2763,1.2769,1.26325,1.27082,244330
2009.03.17,00:00,1.27064,1.27665,1.2675,1.26895,280630
2009.03.18,00:00,1.269,1.2751,1.24255,1.24695,290750
2009.03.19,00:00,1.24695,1.25025,1.219,1.2405,377912
2009.03.20,00:00,1.2405,1.2446,1.2289,1.24015,321563
2009.03.22,00:00,1.2377,1.24022,1.23591,1.2376,11019
2009.03.23,00:00,1.23765,1.23915,1.2203,1.22375,308786
2009.03.24,00:00,1.22375,1.23225,1.21958,1.22805,297156
2009.03.25,00:00,1.22805,1.2355,1.2219,1.22935,348785
2009.03.26,00:00,1.2294,1.2336,1.22395,1.2298,278827
2009.03.27,00:00,1.22965,1.2445,1.2258,1.24105,236535
2009.03.29,00:00,1.23853,1.24245,1.23805,1.23995,12319
2009.03.30,00:00,1.23995,1.26485,1.23795,1.2613,336994
2009.03.31,00:00,1.26135,1.26515,1.2501,1.26085,315014
2009.04.01,00:00,1.2608,1.27135,1.25735,1.25877,291048
2009.04.02,00:00,1.25905,1.26045,1.2336,1.2362,342422
2009.04.03,00:00,1.2362,1.2456,1.22915,1.2292,296232
2009.04.05,00:00,1.22888,1.22995,1.22603,1.22625,13753
2009.04.06,00:00,1.2264,1.24505,1.2224,1.24505,271987
2009.04.07,00:00,1.24495,1.2484,1.2329,1.23675,295898
2009.04.08,00:00,1.23675,1.24655,1.2307,1.23805,278883
2009.04.09,00:00,1.23835,1.2401,1.221,1.225,323351
2009.04.10,00:00,1.22495,1.22975,1.22384,1.2253,139650
2009.04.12,00:00,1.22479,1.22725,1.2243,1.22681,10594
2009.04.13,00:00,1.2268,1.22995,1.21645,1.21885,191185
2009.04.14,00:00,1.21885,1.2239,1.20605,1.214,238068
2009.04.15,00:00,1.214,1.21855,1.20125,1.2042,282157
2009.04.16,00:00,1.2042,1.2147,1.19815,1.20815,302998
2009.04.17,00:00,1.2082,1.2178,1.20695,1.21275,296300
2009.04.19,00:00,1.21338,1.21535,1.212,1.21535,10861
2009.04.20,00:00,1.21535,1.24055,1.21365,1.24055,281073
2009.04.21,00:00,1.24055,1.2506,1.2325,1.2375,283562
2009.04.22,00:00,1.2375,1.24745,1.23275,1.23915,295230
2009.04.23,00:00,1.2392,1.24145,1.22205,1.2257,257209
2009.04.24,00:00,1.2257,1.2269,1.2072,1.2097,263662
2009.04.26,00:00,1.21098,1.2133,1.21002,1.2128,10660
2009.04.27,00:00,1.2129,1.2217,1.2075,1.2183,301870
2009.04.28,00:00,1.2183,1.22655,1.21625,1.2205,344323
2009.04.29,00:00,1.22045,1.221,1.19905,1.202,329669
2009.04.30,00:00,1.20205,1.20275,1.18605,1.19305,395054
2009.05.01,00:00,1.1931,1.1952,1.183,1.1847,244601
2009.05.03,00:00,1.18663,1.18774,1.18307,1.18423,18422
2009.05.04,00:01,1.18397,1.19,1.17155,1.17244,248460
2009.05.05,00:00,1.1725,1.1791,1.16765,1.1765,298230
2009.05.06,00:00,1.1765,1.18255,1.16505,1.1666,346397
2009.05.07,00:00,1.16665,1.1763,1.1629,1.17013,323186
2009.05.08,00:00,1.1705,1.1733,1.14889,1.1499,309859
2009.05.10,00:00,1.14974,1.15105,1.1487,1.1496,8289
2009.05.11,00:00,1.14995,1.16725,1.14732,1.16505,435846
2009.05.12,00:00,1.16505,1.16975,1.154,1.15855,354527
2009.05.13,00:00,1.15855,1.1778,1.15535,1.1741,281273
2009.05.14,00:00,1.1742,1.1789,1.1683,1.171,258632
2009.05.15,00:00,1.171,1.18065,1.1648,1.1773,276419
2009.05.17,00:00,1.1777,1.17955,1.17575,1.1793,8250
2009.05.18,00:00,1.1793,1.1813,1.1607,1.1633,314635
2009.05.19,00:00,1.16385,1.16585,1.1522,1.15364,350198
2009.05.20,00:00,1.15375,1.1583,1.1362,1.1409,404502
2009.05.21,00:00,1.14085,1.14825,1.13371,1.13395,435981
2009.05.22,00:00,1.13395,1.1358,1.11797,1.1184,328293
2009.05.24,00:00,1.12105,1.1215,1.11855,1.12075,9739
2009.05.25,00:00,1.12075,1.1279,1.12065,1.1248,137360
2009.05.26,00:00,1.1248,1.13555,1.1148,1.1152,457968
2009.05.27,00:00,1.1152,1.12398,1.1098,1.1213,523621
2009.05.28,00:00,1.12125,1.1257,1.11065,1.11344,593800
2009.05.29,00:00,1.1138,1.1143,1.08905,1.09095,559036
2009.05.31,00:00,1.09015,1.0928,1.0889,1.0923,14881
2009.06.01,00:00,1.0923,1.0945,1.0784,1.08955,602235
2009.06.02,00:00,1.0896,1.09725,1.07905,1.0835,559774
2009.06.03,00:00,1.0835,1.11445,1.0793,1.11025,560150
2009.06.04,00:00,1.11005,1.11595,1.0926,1.09905,538641
2009.06.05,00:00,1.09925,1.12085,1.096,1.11835,437366
2009.06.07,00:00,1.11943,1.12045,1.11755,1.1182,13689
2009.06.08,00:00,1.1182,1.12905,1.11395,1.114,502112
2009.06.09,00:00,1.114,1.1196,1.09805,1.105,482664
2009.06.10,00:00,1.105,1.11635,1.0939,1.108,490657
2009.06.11,00:00,1.1081,1.1083,1.0949,1.10105,474184
2009.06.12,00:00,1.10105,1.1248,1.10094,1.1183,407602
2009.06.14,00:00,1.11891,1.12065,1.11769,1.12035,19806
2009.06.15,00:00,1.12024,1.13738,1.11826,1.13362,171778
2009.06.16,00:00,1.13357,1.13719,1.1217,1.13663,173444
2009.06.17,00:00,1.13649,1.14462,1.1268,1.12935,172771
2009.06.18,00:00,1.12939,1.13623,1.1231,1.13216,169910
2009.06.19,00:00,1.13202,1.1364,1.12447,1.134,262400
2009.06.21,00:00,1.13432,1.1358,1.1319,1.135,8271
2009.06.22,00:00,1.135,1.15555,1.13475,1.1547,379378
2009.06.23,00:00,1.1547,1.15825,1.1464,1.14965,436333
2009.06.24,00:00,1.14965,1.1583,1.14175,1.15513,406418
2009.06.25,00:00,1.1552,1.16365,1.1524,1.15368,319711
2009.06.26,00:01,1.15342,1.1564,1.14445,1.1521,317575
2009.06.28,00:00,1.15168,1.15425,1.15149,1.153,9141
2009.06.29,00:00,1.15295,1.15995,1.1508,1.1557,340023
2009.06.30,00:00,1.1557,1.164,1.1509,1.1621,422412
2009.07.01,00:00,1.1621,1.16535,1.1437,1.1489,421514
2009.07.02,00:00,1.1489,1.16375,1.14705,1.16275,328575
2009.07.03,00:00,1.16275,1.16335,1.15615,1.1605,162412
2009.07.05,00:00,1.16119,1.1628,1.16085,1.16115,13537
2009.07.06,00:00,1.16095,1.1679,1.15855,1.1588,543631
2009.07.07,00:00,1.15865,1.1675,1.15425,1.167,475987
2009.07.08,00:00,1.167,1.1724,1.15865,1.1639,655326
2009.07.09,00:00,1.164,1.1644,1.1547,1.1614,620223
2009.07.10,00:00,1.1615,1.1676,1.15935,1.1634,505416
2009.07.12,00:00,1.16174,1.16289,1.1604,1.1605,10266
2009.07.13,00:00,1.1605,1.16705,1.1495,1.1504,681764
2009.07.14,00:00,1.1504,1.153,1.13215,1.13345,798416
2009.07.15,00:00,1.1335,1.13485,1.11155,1.1162,711549
2009.07.16,00:00,1.11595,1.12245,1.1124,1.1181,508360
2009.07.17,00:00,1.1182,1.11995,1.11295,1.11315,531064
2009.07.19,00:00,1.11585,1.11601,1.11295,1.113,12956
2009.07.20,00:00,1.113,1.1134,1.1018,1.1072,584922
2009.07.21,00:00,1.1071,1.11145,1.09635,1.1063,621369
2009.07.22,00:00,1.1063,1.1089,1.095,1.1005,516997
2009.07.23,00:00,1.1005,1.1011,1.084,1.0893,563504
2009.07.24,00:00,1.0893,1.0923,1.07935,1.0864,454689
2009.07.26,00:00,1.08502,1.0876,1.08355,1.0873,11610
2009.07.27,00:00,1.0873,1.088,1.0777,1.08045,538571
2009.07.28,00:00,1.07995,1.09065,1.07495,1.08275,537821
2009.07.29,00:00,1.08275,1.09335,1.07965,1.091,677418
2009.07.30,00:00,1.091,1.091,1.08035,1.08295,591049
2009.07.31,00:00,1.0829,1.0857,1.0764,1.0775,564177
2009.08.02,00:00,1.07617,1.0784,1.07505,1.07575,14114
2009.08.03,00:00,1.0758,1.07915,1.0643,1.06595,583096
2009.08.04,00:00,1.06595,1.0765,1.0631,1.07015,647740
2009.08.05,00:00,1.07015,1.0784,1.06785,1.07055,606506
2009.08.06,00:00,1.07055,1.0799,1.0677,1.07695,383339
2009.08.07,00:00,1.0768,1.08665,1.07535,1.08095,256379
2009.08.09,00:00,1.08277,1.0847,1.082,1.084,11653
2009.08.10,00:00,1.084,1.0928,1.0795,1.0884,238992
2009.08.11,00:00,1.0884,1.10465,1.08628,1.1,269380
2009.08.12,00:00,1.09995,1.10755,1.08485,1.0894,255857
2009.08.13,00:00,1.0894,1.0909,1.0793,1.08735,213164
2009.08.14,00:00,1.08735,1.1022,1.0813,1.09765,193524
2009.08.16,00:00,1.09895,1.1005,1.0987,1.1004,6574
2009.08.17,00:00,1.10055,1.1125,1.10039,1.1063,230696
2009.08.18,00:00,1.1063,1.1107,1.10015,1.1004,237751
2009.08.19,00:00,1.1004,1.1113,1.0935,1.0941,232928
2009.08.20,00:00,1.09425,1.0995,1.08635,1.08805,197221
2009.08.21,00:00,1.0882,1.0943,1.07615,1.08095,183102
2009.08.23,00:00,1.08119,1.08146,1.0784,1.0804,9257
2009.08.24,00:00,1.0804,1.08245,1.0725,1.0775,222128
2009.08.25,00:00,1.07755,1.08755,1.07185,1.08745,247695
2009.08.26,00:00,1.08755,1.1,1.08295,1.0977,242091
2009.08.27,00:00,1.0977,1.10205,1.083,1.08695,283958
2009.08.28,00:00,1.08695,1.0936,1.079,1.0913,247717
2009.08.30,00:00,1.09113,1.09545,1.0892,1.0916,8028
2009.08.31,00:00,1.09155,1.1092,1.0902,1.094,241617
2009.09.01,00:00,1.094,1.1067,1.08705,1.1038,273285
2009.09.02,00:00,1.1038,1.1102,1.10065,1.10445,236849
2009.09.03,00:00,1.10445,1.10745,1.09665,1.10245,263101
2009.09.04,00:00,1.10245,1.10365,1.0823,1.0879,227872
2009.09.06,00:00,1.08639,1.0868,1.08329,1.08465,6735
2009.09.07,00:00,1.08465,1.08585,1.074,1.07845,135176
2009.09.08,00:00,1.07845,1.0822,1.0674,1.0779,266464
2009.09.09,00:00,1.0778,1.0835,1.0745,1.07925,253842
2009.09.10,00:00,1.07915,1.08795,1.07675,1.0778,238991
2009.09.11,00:00,1.0779,1.0793,1.0715,1.0764,233861
2009.09.13,00:00,1.07722,1.0796,1.0762,1.07865,8259
2009.09.14,00:00,1.07865,1.09265,1.07865,1.0823,224567
2009.09.15,00:00,1.0823,1.08705,1.071,1.07275,230071
2009.09.16,00:00,1.07275,1.0736,1.06425,1.0668,346853
2009.09.17,00:00,1.06685,1.06755,1.059,1.0658,435787
2009.09.18,00:00,1.0658,1.0768,1.06526,1.0687,282019
2009.09.20,00:00,1.06916,1.07135,1.0682,1.06905,6358
2009.09.21,00:00,1.069,1.0853,1.06745,1.07795,374023
2009.09.22,00:00,1.07795,1.07805,1.06595,1.06805,372883
2009.09.23,00:00,1.068,1.0776,1.06588,1.0752,381997
2009.09.24,00:00,1.07515,1.09475,1.07065,1.09065,440357
2009.09.25,00:00,1.09065,1.09825,1.08595,1.09045,415497
2009.09.27,00:00,1.09019,1.0939,1.0899,1.09325,8081
2009.09.28,00:00,1.09315,1.0991,1.08315,1.08535,380075
2009.09.29,00:00,1.0855,1.09235,1.07935,1.08395,438319
2009.09.30,00:00,1.08395,1.0845,1.06715,1.0685,481753
2009.10.01,00:00,1.0686,1.08465,1.0671,1.0845,531819
2009.10.02,00:00,1.08445,1.0959,1.0789,1.07945,447856
2009.10.04,00:00,1.07902,1.08245,1.079,1.0796,6643
2009.10.05,00:00,1.0796,1.07975,1.0692,1.06975,450495
2009.10.06,00:00,1.06975,1.07125,1.0546,1.05925,510213
2009.10.07,00:00,1.05925,1.0648,1.05275,1.0592,477266
2009.10.08,00:00,1.05925,1.06305,1.05055,1.05265,488509
2009.10.09,00:00,1.0528,1.0551,1.04105,1.04175,454357
2009.10.11,00:00,1.04314,1.04355,1.04028,1.0418,9877
2009.10.12,00:00,1.0418,1.0451,1.0317,1.0326,316005
2009.10.13,00:00,1.0326,1.0372,1.02655,1.0317,516669
2009.10.14,00:00,1.0317,1.03235,1.0228,1.0228,493492
2009.10.15,00:00,1.02285,1.03705,1.02009,1.03105,525849
2009.10.16,00:00,1.03105,1.04345,1.0287,1.0366,492282
2009.10.18,00:00,1.03643,1.03985,1.03632,1.03825,8849
2009.10.19,00:00,1.0382,1.04225,1.02695,1.0286,509858
2009.10.20,00:00,1.02865,1.0526,1.0265,1.04895,567865
2009.10.21,00:00,1.0488,1.05825,1.0378,1.04375,665610
2009.10.22,00:00,1.04375,1.0544,1.04165,1.04565,473226
2009.10.23,00:00,1.04565,1.0544,1.0448,1.0532,505924
2009.10.25,00:00,1.05185,1.05325,1.04987,1.05325,12096
2009.10.26,00:00,1.05325,1.06965,1.05005,1.06895,527360
2009.10.27,00:00,1.069,1.07165,1.0626,1.0642,467842
2009.10.28,00:00,1.0642,1.08115,1.06385,1.0805,465188
2009.10.29,00:00,1.0805,1.08205,1.06545,1.06755,544787
2009.10.30,00:00,1.06755,1.08475,1.0652,1.0845,437267
2009.11.01,00:00,1.08405,1.08675,1.08265,1.08285,7236
2009.11.02,00:00,1.08285,1.08365,1.0713,1.07755,608469
2009.11.03,00:00,1.07765,1.08525,1.0649,1.0665,578693
2009.11.04,00:00,1.0665,1.06845,1.0594,1.06285,529466
2009.11.05,00:00,1.06285,1.06805,1.0605,1.06505,489976
2009.11.06,00:00,1.06505,1.078,1.06075,1.07478,541753
2009.11.08,00:00,1.0711,1.0742,1.0711,1.0741,5056
2009.11.09,00:00,1.0741,1.07465,1.0542,1.05535,525483
2009.11.10,00:00,1.05535,1.06065,1.04805,1.04995,560519
2009.11.11,00:00,1.04995,1.05025,1.04315,1.0446,440593
2009.11.12,00:00,1.0446,1.05755,1.04145,1.05505,510924
2009.11.13,00:00,1.0551,1.0566,1.0472,1.05141,408935
2009.11.15,00:00,1.0535,1.05385,1.04885,1.04905,6243
2009.11.16,00:00,1.04885,1.05225,1.04255,1.04695,376126
2009.11.17,00:00,1.04695,1.0619,1.04616,1.05094,440980
2009.11.18,00:00,1.05072,1.05825,1.0449,1.05525,335597
2009.11.19,00:00,1.05525,1.0689,1.05495,1.06265,378269
2009.11.20,00:00,1.06255,1.07325,1.06135,1.07,308981
2009.11.22,00:00,1.07004,1.07095,1.06905,1.06925,5214
2009.11.23,00:00,1.0693,1.0693,1.05395,1.0568,321574
2009.11.24,00:00,1.0568,1.0643,1.0562,1.058,342408
2009.11.25,00:00,1.058,1.05825,1.04463,1.0461,289604
2009.11.26,00:00,1.0462,1.06195,1.0455,1.06145,164224
2009.11.27,00:00,1.06145,1.0749,1.05865,1.0614,234119
2009.11.29,00:00,1.05737,1.06166,1.05695,1.05955,5859
2009.11.30,00:00,1.05935,1.06135,1.0532,1.05395,369241
2009.12.01,00:00,1.05395,1.0578,1.04055,1.0463,381791
2009.12.02,00:00,1.04625,1.0515,1.04315,1.04915,355741
2009.12.03,00:00,1.04915,1.0584,1.04615,1.05585,293985
2009.12.04,00:00,1.05595,1.05955,1.0433,1.05765,428191
2009.12.06,00:00,1.05545,1.05775,1.05504,1.05625,5638
2009.12.07,00:00,1.05625,1.06505,1.0482,1.04985,474627
2009.12.08,00:00,1.04975,1.067,1.04847,1.0646,454934
2009.12.09,00:00,1.0646,1.06495,1.0515,1.05415,410169
2009.12.10,00:00,1.0541,1.05825,1.0478,1.05135,320569
2009.12.11,00:00,1.05135,1.06225,1.04808,1.05975,342753
2009.12.13,00:00,1.06007,1.06105,1.05725,1.0587,6478
2009.12.14,00:00,1.0587,1.06615,1.05636,1.05895,405076
2009.12.15,00:00,1.05895,1.06515,1.0552,1.06055,355225
2009.12.16,00:00,1.0605,1.06425,1.05705,1.06195,449151
2009.12.17,00:00,1.06195,1.0746,1.06095,1.0702,487804
2009.12.18,00:00,1.0702,1.07165,1.0628,1.06615,393229
2009.12.20,00:00,1.0662,1.068,1.06615,1.067,3359
2009.12.21,00:00,1.067,1.06985,1.05355,1.06165,395444
2009.12.22,00:00,1.06165,1.0634,1.0541,1.0571,357616
2009.12.23,00:00,1.0571,1.0577,1.047,1.04875,226662
2009.12.24,00:00,1.04875,1.05065,1.04475,1.05003,135424
2009.12.25,00:00,1.05002,1.05032,1.04707,1.04912,341979
2009.12.27,00:00,1.04845,1.04895,1.04728,1.04815,4336
2009.12.28,00:00,1.04835,1.04995,1.0418,1.04295,153933
2009.12.29,00:00,1.04295,1.04445,1.0365,1.04425,286177
2009.12.30,00:00,1.04435,1.05775,1.04395,1.05475,268473
2009.12.31,00:00,1.05475,1.05485,1.0455,1.05148,150109
2010.01.01,00:00,1.0515,1.05168,1.05127,1.05155,274440
2010.01.03,00:00,1.05125,1.05178,1.04585,1.04715,6845
2010.01.04,00:00,1.04715,1.05165,1.0351,1.04105,321374
2010.01.05,00:00,1.04105,1.04105,1.03345,1.03945,333100
2010.01.06,00:00,1.03945,1.04085,1.0312,1.03185,360975
2010.01.07,00:00,1.0318,1.0373,1.0291,1.03415,381762
2010.01.08,00:00,1.03415,1.03835,1.02945,1.02965,385466
2010.01.10,00:00,1.02745,1.03105,1.0264,1.02795,5942
2010.01.11,00:00,1.02795,1.03435,1.02515,1.03385,339686
2010.01.12,00:00,1.03385,1.04135,1.03125,1.03925,346558
2010.01.13,00:00,1.03925,1.0411,1.0289,1.03095,369894
2010.01.14,00:00,1.03095,1.03215,1.02235,1.0236,416297
2010.01.15,00:00,1.02365,1.03135,1.02316,1.02875,327986
2010.01.17,00:00,1.0296,1.03025,1.02862,1.0293,6518
2010.01.18,00:00,1.0293,1.0314,1.02453,1.02495,147692
2010.01.19,00:00,1.02505,1.03475,1.02482,1.03165,309216
2010.01.20,00:00,1.03165,1.0488,1.0312,1.04505,423051
2010.01.21,00:00,1.04505,1.0524,1.0437,1.05045,448428
2010.01.22,00:00,1.0505,1.0602,1.04604,1.0576,377022
2010.01.24,00:00,1.05795,1.05804,1.0553,1.05655,4068
2010.01.25,00:00,1.05635,1.0612,1.05325,1.05695,347922
2010.01.26,00:00,1.0569,1.06915,1.05426,1.06205,415926
2010.01.27,00:00,1.06205,1.06875,1.0608,1.06365,387923
2010.01.28,00:00,1.06375,1.0678,1.0556,1.0661,376458
2010.01.29,00:00,1.0661,1.07045,1.06225,1.0702,384240
2010.01.31,00:00,1.0703,1.0705,1.06805,1.06805,4644
2010.02.01,00:00,1.06805,1.0721,1.06006,1.0619,361496
2010.02.02,00:00,1.0619,1.0639,1.0564,1.05725,352728
2010.02.03,00:00,1.05725,1.06345,1.05445,1.0617,306867
2010.02.04,00:00,1.0617,1.0752,1.05955,1.072,355784
2010.02.05,00:00,1.072,1.078,1.06435,1.0715,407744
2010.02.07,00:00,1.0685,1.0717,1.06775,1.0714,5639
2010.02.08,00:00,1.07145,1.0773,1.0656,1.07465,357489
2010.02.09,00:00,1.07465,1.07565,1.0644,1.06735,402625
2010.02.10,00:00,1.06735,1.07075,1.0597,1.06205,440405
2010.02.11,00:00,1.06205,1.06205,1.04785,1.05025,410623
2010.02.12,00:00,1.05025,1.0578,1.04875,1.05005,421970
2010.02.14,00:00,1.05065,1.0518,1.05017,1.05075,3796
2010.02.15,00:00,1.0507,1.0532,1.0462,1.0494,155745
2010.02.16,00:00,1.0494,1.0498,1.04095,1.0435,359778
2010.02.17,00:00,1.0434,1.04705,1.04115,1.04605,313855
2010.02.18,00:00,1.04595,1.05175,1.03965,1.04995,328290
2010.02.19,00:00,1.0499,1.05295,1.0388,1.039,348694
2010.02.21,00:00,1.0381,1.03975,1.03805,1.03885,5743
2010.02.22,00:00,1.03885,1.04405,1.03688,1.04195,454657
2010.02.23,00:00,1.04195,1.0579,1.03805,1.0548,345377
2010.02.24,00:00,1.0548,1.05935,1.05095,1.05265,385080
2010.02.25,00:00,1.05265,1.068,1.05125,1.06115,365051
2010.02.26,00:00,1.0613,1.06175,1.0509,1.0512,334216
2010.02.28,00:00,1.05435,1.05445,1.05035,1.0512,5804
2010.03.01,00:00,1.05125,1.05725,1.04062,1.04185,402164
2010.03.02,00:00,1.04185,1.0442,1.0308,1.03485,434703
2010.03.03,00:00,1.0348,1.03605,1.0274,1.03205,300439
2010.03.04,00:00,1.03205,1.0339,1.02695,1.0313,253359
2010.03.05,00:00,1.0313,1.03305,1.02605,1.0282,233520
2010.03.07,00:00,1.028,1.02825,1.02623,1.02675,6968
2010.03.08,00:00,1.02675,1.02935,1.025,1.0278,306386
2010.03.09,00:00,1.0278,1.0319,1.02345,1.0267,310356
2010.03.10,00:00,1.0267,1.02905,1.0216,1.0255,255395
2010.03.11,00:00,1.02545,1.0321,1.02285,1.0235,281691
2010.03.12,00:00,1.02355,1.02465,1.0154,1.019,349159
2010.03.14,00:00,1.01747,1.01763,1.01618,1.01655,6907
2010.03.15,00:00,1.0166,1.02315,1.01644,1.01895,329995
2010.03.16,00:00,1.01895,1.0202,1.01301,1.01335,356832
2010.03.17,00:00,1.01345,1.01425,1.00705,1.01013,337256
2010.03.18,00:00,1.01035,1.01505,1.0089,1.0135,255250
2010.03.19,00:00,1.0135,1.0188,1.00615,1.0171,291688
2010.03.21,00:00,1.0155,1.017,1.01462,1.01675,11517
2010.03.22,00:00,1.01675,1.02435,1.01455,1.01685,383261
2010.03.23,00:00,1.0169,1.0228,1.0151,1.0163,347672
2010.03.24,00:00,1.0164,1.02815,1.0157,1.02355,340605
2010.03.25,00:00,1.02355,1.02485,1.017,1.0234,321338
2010.03.26,00:00,1.02325,1.03025,1.0204,1.0264,313413
2010.03.28,00:00,1.02525,1.02725,1.0245,1.02625,8958
2010.03.29,00:00,1.02625,1.02695,1.0176,1.0213,360199
2010.03.30,00:00,1.02135,1.02225,1.0157,1.0175,329613
2010.03.31,00:00,1.01755,1.0198,1.01275,1.01385,347778
2010.04.01,00:00,1.01385,1.0146,1.0066,1.00945,385032
2010.04.02,00:00,1.00945,1.0129,1.00845,1.0104,128952
2010.04.04,00:00,1.00832,1.00885,1.007,1.00855,6518
2010.04.05,00:00,1.00865,1.00865,1.00093,1.00195,208107
2010.04.06,00:00,1.0019,1.0047,0.9987,1.0017,303228
2010.04.07,00:00,1.0017,1.00615,0.9977,1.0054,356491
2010.04.08,00:00,1.0054,1.01045,1.00079,1.00085,346045
2010.04.09,00:00,1.00085,1.00825,0.9991,1.0021,289019
2010.04.11,00:00,1.00206,1.00535,1.0009,1.00335,14721
2010.04.12,00:00,1.0034,1.00875,1.0011,1.00278,347903
2010.04.13,00:00,1.00295,1.0065,1.0003,1.0013,382711
2010.04.14,00:00,1.0013,1.00155,0.9952,0.9981,371527
2010.04.15,00:00,0.9981,1.0035,0.99582,1.0019,355016
2010.04.16,00:00,1.0021,1.0163,1.0003,1.01255,424835
2010.04.18,00:00,1.0144,1.0157,1.01405,1.0151,9677
2010.04.19,00:00,1.0151,1.0215,1.01355,1.0147,346893
2010.04.20,00:00,1.0147,1.0163,0.99705,0.99825,402653
2010.04.21,00:00,0.99825,1.0013,0.993,0.9991,527908
2010.04.22,00:00,0.9991,1.0039,0.996,1.00265,466304
2010.04.23,00:00,1.00265,1.00645,0.99675,0.9988,364598
2010.04.25,00:00,0.99947,0.99995,0.99835,0.9997,8352
2010.04.26,00:00,0.9997,1.0023,0.99705,1.00025,349317
2010.04.27,00:00,1.00025,1.01805,0.99977,1.0149,583081
2010.04.28,00:00,1.0149,1.01965,1.0073,1.0107,441347
2010.04.29,00:00,1.0107,1.01125,1.00125,1.0044,446671
2010.04.30,00:00,1.0044,1.01775,1.00155,1.0176,366263
2010.05.02,00:00,1.01742,1.01742,1.01549,1.01595,13870
2010.05.03,00:00,1.01595,1.01855,1.01003,1.0116,349708
2010.05.04,00:00,1.0116,1.0256,1.01075,1.024,438632
2010.05.05,00:00,1.024,1.03535,1.02315,1.03085,555632
2010.05.06,00:00,1.03085,1.074,1.02815,1.0484,457002
2010.05.07,00:00,1.0486,1.05705,1.0337,1.043,433529
2010.05.09,00:00,1.0338,1.03905,1.03075,1.03705,17447
2010.05.10,00:00,1.03715,1.03755,1.02095,1.02455,501472
2010.05.11,00:00,1.02445,1.02875,1.0148,1.0205,504570
2010.05.12,00:00,1.0205,1.0246,1.0153,1.0181,429482
2010.05.13,00:00,1.0182,1.02255,1.011,1.02135,369573
2010.05.14,00:00,1.0213,1.03775,1.0211,1.0353,452027
2010.05.16,00:00,1.03335,1.03665,1.03295,1.03535,12584
2010.05.17,00:00,1.0353,1.0438,1.03065,1.03315,441442
2010.05.18,00:00,1.03315,1.04245,1.02455,1.04245,408868
2010.05.19,00:00,1.04245,1.05365,1.0385,1.04475,545822
2010.05.20,00:00,1.0447,1.07455,1.04305,1.0695,492138
2010.05.21,00:00,1.0694,1.07495,1.05505,1.05905,498630
2010.05.23,00:00,1.06026,1.06405,1.06009,1.0627,17871
2010.05.24,00:00,1.0627,1.06595,1.05335,1.06365,568349
2010.05.25,00:00,1.0636,1.08525,1.063,1.06825,729271
2010.05.26,00:00,1.0684,1.0744,1.0579,1.0689,487489
2010.05.27,00:00,1.0689,1.0705,1.0479,1.0493,506781
2010.05.28,00:00,1.0493,1.0558,1.0444,1.05445,390077
2010.05.30,00:00,1.05208,1.05515,1.0513,1.05435,19510
2010.05.31,00:00,1.05435,1.0546,1.04125,1.0425,180425
2010.06.01,00:00,1.04265,1.0562,1.042,1.05375,379272
2010.06.02,00:00,1.05375,1.05715,1.03715,1.03905,403589
2010.06.03,00:00,1.03905,1.04625,1.03335,1.0401,335975
2010.06.04,00:00,1.0401,1.0626,1.0354,1.0626,357733
2010.06.06,00:00,1.06228,1.0643,1.05955,1.06375,14496
2010.06.07,00:00,1.06375,1.0679,1.0515,1.05935,436657
2010.06.08,00:00,1.05935,1.0595,1.04684,1.0486,559063
2010.06.09,00:00,1.0486,1.05165,1.03645,1.04315,358053
2010.06.10,00:00,1.04315,1.04485,1.0287,1.03005,368349
2010.06.11,00:00,1.03015,1.03885,1.0298,1.0322,271998
2010.06.13,00:00,1.03133,1.03485,1.02975,1.02975,15144
2010.06.14,00:00,1.02975,1.03485,1.0224,1.0332,311247
2010.06.15,00:00,1.0332,1.0361,1.0241,1.026,313121
2010.06.16,00:00,1.026,1.0323,1.0224,1.0258,294681
2010.06.17,00:00,1.0258,1.03375,1.02245,1.02865,303922
2010.06.18,00:00,1.02858,1.0312,1.02065,1.0215,297576
2010.06.20,00:00,1.01873,1.0209,1.0167,1.01745,10930
2010.06.21,00:00,1.01745,1.02605,1.0138,1.02315,265140
2010.06.22,00:00,1.02315,1.0296,1.0181,1.0284,275324
2010.06.23,00:00,1.02835,1.0459,1.02825,1.0397,331473
2010.06.24,00:00,1.03965,1.04685,1.0374,1.0426,311461
2010.06.25,00:00,1.0426,1.04415,1.034,1.0348,277688
2010.06.27,00:00,1.03425,1.037,1.0336,1.03535,9896
2010.06.28,00:00,1.0354,1.03715,1.03205,1.03515,286576
2010.06.29,00:00,1.03515,1.0576,1.03396,1.0543,302581
2010.06.30,00:00,1.0544,1.06475,1.04665,1.06305,288264
2010.07.01,00:00,1.06315,1.06735,1.0577,1.05865,348519
2010.07.02,00:00,1.05865,1.06675,1.05565,1.06215,229159
2010.07.04,00:00,1.06148,1.06455,1.06108,1.064,12909
2010.07.05,00:00,1.06405,1.0676,1.0576,1.0658,195230
2010.07.06,00:00,1.06585,1.0676,1.0485,1.0528,322021
2010.07.07,00:00,1.05275,1.06055,1.0462,1.04795,379698
2010.07.08,00:00,1.0479,1.048,1.0379,1.04335,276295
2010.07.09,00:00,1.04335,1.04545,1.02955,1.03355,260905
2010.07.11,00:00,1.03185,1.03325,1.03115,1.03225,16126
2010.07.12,00:00,1.03225,1.0386,1.02995,1.03485,309447
2010.07.13,00:00,1.03485,1.0385,1.0275,1.03085,315286
2010.07.14,00:00,1.03085,1.03705,1.0285,1.03315,304235
2010.07.15,00:00,1.03315,1.04425,1.0283,1.03875,438272
2010.07.16,00:00,1.03875,1.05775,1.03805,1.05775,342724
2010.07.18,00:00,1.05588,1.0578,1.05492,1.0577,15126
2010.07.19,00:00,1.0577,1.058,1.0499,1.0543,332369
2010.07.20,00:00,1.0543,1.0586,1.0421,1.04265,352671
2010.07.21,00:00,1.04265,1.0501,1.0351,1.04715,365620
2010.07.22,00:00,1.04715,1.05035,1.03555,1.0364,340645
2010.07.23,00:00,1.0364,1.0437,1.03455,1.0353,294782
2010.07.25,00:00,1.0371,1.03868,1.0366,1.0369,7495
2010.07.26,00:00,1.03685,1.0377,1.0303,1.0322,326854
2010.07.27,00:00,1.03215,1.03955,1.02555,1.0356,310585
2010.07.28,00:00,1.0356,1.039,1.0298,1.0375,345816
2010.07.29,00:00,1.0375,1.0391,1.0303,1.0356,311004
2010.07.30,00:00,1.03565,1.03755,1.02635,1.02955,367825
2010.08.01,00:00,1.02831,1.02982,1.0278,1.029,13564
2010.08.02,00:00,1.02895,1.02895,1.0204,1.02265,308046
2010.08.03,00:00,1.0227,1.0273,1.0219,1.02355,310187
2010.08.04,00:00,1.02355,1.0271,1.0163,1.0181,298762
2010.08.05,00:00,1.01805,1.01805,1.01065,1.01725,275230
2010.08.06,00:00,1.01725,1.03065,1.01465,1.02715,258049
2010.08.08,00:00,1.02671,1.0287,1.02595,1.02835,10313
2010.08.09,00:00,1.0284,1.02995,1.02565,1.02775,361933
2010.08.10,00:00,1.02775,1.03885,1.0275,1.03075,493411
2010.08.11,00:00,1.03075,1.048,1.03045,1.0469,536913
2010.08.12,00:00,1.0469,1.04945,1.0417,1.0423,482170
2010.08.13,00:00,1.04235,1.04385,1.035,1.0416,386314
2010.08.15,00:00,1.04115,1.04185,1.03991,1.0417,10035
2010.08.16,00:00,1.04175,1.04645,1.037,1.0429,384882
2010.08.17,00:00,1.0429,1.04355,1.03085,1.03255,474745
2010.08.18,00:00,1.03255,1.0341,1.0265,1.0293,410989
2010.08.19,00:00,1.0293,1.04155,1.02475,1.0395,415881
2010.08.20,00:00,1.0395,1.0514,1.03825,1.0473,366134
2010.08.22,00:00,1.04898,1.05,1.0483,1.04935,10751
2010.08.23,00:00,1.0494,1.0544,1.0444,1.0539,338980
2010.08.24,00:00,1.0539,1.0664,1.0536,1.05995,380353
2010.08.25,00:00,1.05995,1.06675,1.0573,1.05935,450957
2010.08.26,00:00,1.05935,1.06015,1.0521,1.05805,447564
2010.08.27,00:00,1.05805,1.0648,1.05045,1.05075,323428
2010.08.29,00:00,1.0489,1.0509,1.0479,1.04925,13033
2010.08.30,00:00,1.04925,1.0604,1.0472,1.05995,380215
2010.08.31,00:00,1.05995,1.06725,1.0575,1.0647,412500
2010.09.01,00:00,1.0647,1.0651,1.0484,1.0513,339695
2010.09.02,00:00,1.0513,1.0555,1.04715,1.0538,267728
2010.09.03,00:00,1.0538,1.05685,1.038,1.03855,285906
2010.09.05,00:00,1.03933,1.04005,1.03853,1.0388,12302
2010.09.06,00:00,1.03885,1.0404,1.03361,1.0378,218614
2010.09.07,00:00,1.0378,1.0485,1.0352,1.04765,413602
2010.09.08,00:00,1.04765,1.0509,1.03455,1.03715,448493
2010.09.09,00:00,1.0371,1.03935,1.03005,1.03375,464442
2010.09.10,00:00,1.03375,1.03735,1.0287,1.0367,365477
2010.09.12,00:00,1.0332,1.03435,1.0319,1.032,10857
2010.09.13,00:00,1.032,1.03455,1.02655,1.0285,374340
2010.09.14,00:00,1.0285,1.0304,1.02155,1.0265,392386
2010.09.15,00:00,1.02655,1.03195,1.02491,1.026,447337
2010.09.16,00:00,1.026,1.02895,1.0238,1.0271,427706
2010.09.17,00:00,1.0271,1.035,1.02155,1.0327,364253
2010.09.19,00:00,1.03177,1.0346,1.03105,1.03425,9992
2010.09.20,00:00,1.0342,1.03445,1.02615,1.03055,398467
2010.09.21,00:00,1.03055,1.033,1.02165,1.0241,354576
2010.09.22,00:00,1.0241,1.03585,1.0191,1.02985,448780
2010.09.23,00:00,1.02985,1.0379,1.0284,1.03515,434402
2010.09.24,00:00,1.03515,1.03545,1.0225,1.02385,345327
2010.09.26,00:00,1.02415,1.0251,1.02354,1.0243,10252
2010.09.27,00:00,1.0243,1.03075,1.02225,1.03045,476786
2010.09.28,00:00,1.0304,1.03615,1.02845,1.03025,460263
2010.09.29,00:00,1.03025,1.03405,1.02385,1.03285,433017
2010.09.30,00:00,1.03275,1.03445,1.02305,1.0305,434163
2010.10.01,00:00,1.03045,1.0313,1.01875,1.0194,365499
2010.10.03,00:00,1.01885,1.02035,1.0186,1.01945,9926
2010.10.04,00:00,1.01945,1.02445,1.018,1.02345,362591
2010.10.05,00:00,1.02345,1.02725,1.01523,1.0156,413066
2010.10.06,00:00,1.0156,1.01655,1.00615,1.0113,412624
2010.10.07,00:00,1.0113,1.02105,1.0077,1.0177,332129
2010.10.08,00:00,1.01775,1.023,1.00905,1.0105,296491
2010.10.10,00:00,1.00982,1.01182,1.00915,1.0093,10467
2010.10.11,00:00,1.0093,1.01495,1.0093,1.01375,361268
2010.10.12,00:00,1.01375,1.0182,1.00895,1.0097,468919
2010.10.13,00:00,1.0097,1.01045,1.0011,1.0026,394565
2010.10.14,00:00,1.0026,1.00735,0.998,1.00575,475201
2010.10.15,00:00,1.00585,1.01385,1.0012,1.01,336228
2010.10.17,00:00,1.0115,1.01395,1.01142,1.01365,13270
2010.10.18,00:00,1.01365,1.02275,1.01345,1.01715,509135
2010.10.19,00:00,1.0171,1.03735,1.0161,1.03465,458960
2010.10.20,00:00,1.03465,1.03465,1.02055,1.02275,376357
2010.10.21,00:00,1.02275,1.03015,1.01675,1.0266,471156
2010.10.22,00:00,1.0266,1.03015,1.02225,1.02575,325249
2010.10.24,00:00,1.0246,1.02677,1.0246,1.02542,52183
2010.10.25,00:00,1.02542,1.02569,1.01539,1.02004,252039
2010.10.26,00:00,1.02004,1.02663,1.01813,1.02384,150510
2010.10.27,00:00,1.02399,1.03385,1.02251,1.02701,138210
2010.10.28,00:00,1.02703,1.02854,1.01803,1.01917,165128
2010.10.29,00:00,1.01916,1.02476,1.01688,1.01902,109411
2010.10.31,00:00,1.01878,1.0192,1.01789,1.01814,13193
2010.11.01,00:00,1.01823,1.02021,1.01253,1.01271,118755
2010.11.02,00:00,1.01271,1.01348,1.00783,1.00883,117210
2010.11.03,00:00,1.00886,1.01548,1.00454,1.00864,128001
2010.11.04,00:00,1.00855,1.00967,1.00103,1.00272,133723
2010.11.05,00:00,1.00272,1.00824,0.99912,1.00007,119785
2010.11.07,00:00,0.99989,1.00105,0.99985,0.99989,10952
2010.11.08,00:00,0.99989,1.00546,0.99933,1.00432,140742
2010.11.09,00:00,1.00439,1.0094,0.99801,1.00687,134725
2010.11.10,00:00,1.00689,1.00797,0.99934,1.00039,125293
2010.11.11,00:00,1.00029,1.00719,0.99776,1.00408,117904
2010.11.12,00:00,1.00408,1.01454,1.00263,1.01216,132629
2010.11.14,00:00,1.01053,1.01216,1.00994,1.01055,2373
2010.11.15,00:00,1.01055,1.01385,1.00567,1.00987,56317
2010.11.16,00:00,1.00987,1.02536,1.00694,1.02192,66282
2010.11.17,00:00,1.02195,1.02597,1.01809,1.02312,56276
2010.11.18,00:00,1.02312,1.02362,1.01551,1.01846,60128
2010.11.19,00:00,1.01846,1.02328,1.01622,1.01671,48233
2010.11.21,00:00,1.01638,1.01737,1.01543,1.0159,1928
2010.11.22,00:00,1.01592,1.02167,1.01208,1.01905,52326
2010.11.23,00:00,1.01908,1.02631,1.01613,1.02158,68571
2010.11.24,00:00,1.0216,1.02234,1.00916,1.00974,61596
2010.11.25,00:00,1.00971,1.01233,1.00754,1.00869,36639
2010.11.26,00:00,1.00872,1.02459,1.00834,1.02084,44695
2010.11.28,00:00,1.01656,1.01936,1.01595,1.01884,2229
2010.11.29,00:00,1.01883,1.02571,1.01675,1.01925,118258
2010.11.30,00:00,1.01923,1.02855,1.01704,1.0257,168184
2010.12.01,00:00,1.0257,1.02709,1.01411,1.01802,141181
2010.12.02,00:00,1.01802,1.01887,1.00237,1.0035,143259
2010.12.03,00:00,1.0035,1.00796,1.00022,1.00366,120200
2010.12.05,00:00,1.00297,1.00381,1.00241,1.00269,2873
2010.12.06,00:00,1.00278,1.00827,1.00212,1.00576,97271
2010.12.07,00:00,1.00576,1.0125,1.00113,1.01096,121000
2010.12.08,00:00,1.01087,1.01402,1.00628,1.01077,125023
2010.12.09,00:00,1.01076,1.0125,1.00659,1.01023,105009
2010.12.10,00:00,1.01026,1.01153,1.00833,1.00891,84021
2010.12.12,00:00,1.00965,1.01068,1.00913,1.01068,2230
2010.12.13,00:00,1.01069,1.01069,1.0027,1.00758,119011
2010.12.14,00:00,1.00764,1.01105,1.00278,1.00613,134086
2010.12.15,00:00,1.00613,1.00939,1.00003,1.00401,153797
2010.12.16,00:00,1.004,1.00744,1.00319,1.00571,106821
2010.12.17,00:00,1.00573,1.01462,1.00376,1.01382,125229
2010.12.19,00:00,1.01209,1.01282,1.01164,1.01223,2516
2010.12.20,00:00,1.01223,1.02078,1.01018,1.01777,135080
2010.12.21,00:00,1.01777,1.02056,1.01507,1.01765,115784
2010.12.22,00:00,1.01764,1.01772,1.01104,1.01259,104972
2010.12.23,00:00,1.01259,1.01646,1.00704,1.00931,77955
2010.12.24,00:00,1.00931,1.01145,1.00481,1.00789,39473
2010.12.26,00:00,1.00775,1.01063,1.00709,1.01043,3702
2010.12.27,00:00,1.01043,1.011,1.00564,1.00583,55427
2010.12.28,00:00,1.00581,1.00714,0.99747,1.00218,84169
2010.12.29,00:00,1.00219,1.00555,0.99741,0.9998,91412
2010.12.30,00:00,0.9998,1.00213,0.99885,0.99972,66229
2010.12.31,00:00,0.99972,1.00067,0.99253,0.99753,71569
2011.01.02,00:00,0.99458,0.99466,0.99284,0.99289,3634
2011.01.03,00:00,0.99289,0.99481,0.9888,0.99246,96479
2011.01.04,00:00,0.99246,1.00335,0.99157,0.99711,132312
2011.01.05,00:00,0.9971,1.00222,0.99327,0.99652,124266
2011.01.06,00:00,0.99651,0.99934,0.99251,0.99752,114399
2011.01.07,00:00,0.99752,1.00034,0.98983,0.99327,131530
2011.01.09,00:00,0.99285,0.99408,0.9911,0.99196,4063
2011.01.10,00:00,0.99196,0.99833,0.99121,0.99264,108721
2011.01.11,00:00,0.99264,0.99494,0.98904,0.98929,120074
2011.01.12,00:00,0.98933,0.98951,0.98482,0.98648,118639
2011.01.13,00:00,0.98645,0.99083,0.9854,0.98918,119102
2011.01.14,00:00,0.98918,0.9976,0.98852,0.99034,111593
2011.01.16,00:00,0.98804,0.9884,0.98701,0.98749,3044
2011.01.17,00:00,0.98756,0.99011,0.98558,0.9872,75578
2011.01.18,00:00,0.98722,0.9934,0.98371,0.99218,132064
2011.01.19,00:00,0.99218,0.99658,0.98882,0.99546,119200
2011.01.20,00:00,0.99543,1.00301,0.99519,0.99684,133359
2011.01.21,00:00,0.99684,0.99873,0.9908,0.99273,115207
2011.01.23,00:00,0.99319,0.99388,0.99294,0.99339,2361
2011.01.24,00:00,0.99349,0.99813,0.9918,0.99352,100463
2011.01.25,00:00,0.99352,1.00035,0.99114,0.99701,123300
2011.01.26,00:00,0.99702,0.99801,0.99362,0.99456,99141
2011.01.27,00:00,0.99459,0.99857,0.9926,0.99526,117344
2011.01.28,00:00,0.99527,1.00162,0.99373,1.00119,103991
2011.01.30,00:00,1.00113,1.00253,1.00013,1.00228,3683
2011.01.31,00:00,1.00231,1.00577,0.9962,1.00016,137377
2011.02.01,00:00,1.00016,1.00027,0.98994,0.9904,140306
2011.02.02,00:00,0.9904,0.99149,0.98599,0.98774,124119
2011.02.03,00:00,0.98774,0.99376,0.98652,0.99096,136264
2011.02.04,00:00,0.99096,0.99143,0.98313,0.98706,145228
2011.02.06,00:00,0.98803,0.98804,0.98627,0.98771,3014
2011.02.07,00:00,0.98771,0.99112,0.98575,0.99026,129292
2011.02.08,00:00,0.99026,0.99769,0.98679,0.99495,141577
2011.02.09,00:00,0.99495,0.99555,0.99149,0.99405,131788
2011.02.10,00:00,0.99405,0.99866,0.99364,0.99576,129235
2011.02.11,00:00,0.99572,0.99857,0.98617,0.98726,98797
2011.02.13,00:00,0.98908,0.98926,0.98692,0.98714,2781
2011.02.14,00:00,0.98714,0.99011,0.98448,0.98959,106474
2011.02.15,00:00,0.98958,0.99022,0.98508,0.98941,128360
2011.02.16,00:00,0.98941,0.98956,0.98422,0.98449,121920
2011.02.17,00:00,0.98449,0.98586,0.98155,0.98393,124077
2011.02.18,00:00,0.98393,0.98736,0.9818,0.98656,121093
2011.02.20,00:00,0.98532,0.98552,0.98435,0.98519,1859
2011.02.21,00:00,0.9852,0.98715,0.98212,0.98261,68858
2011.02.22,00:00,0.98261,0.9919,0.98226,0.98971,167938
2011.02.23,00:00,0.98974,0.99589,0.98579,0.98847,150310
2011.02.24,00:00,0.98847,0.99008,0.98166,0.98212,170089
2011.02.25,00:00,0.98211,0.98273,0.9772,0.97744,116527
2011.02.27,00:00,0.97816,0.97868,0.97714,0.97768,4281
2011.02.28,00:00,0.97769,0.97886,0.97096,0.97124,140760
2011.03.01,00:00,0.97124,0.97545,0.96831,0.97454,141177
2011.03.02,00:00,0.97454,0.97753,0.9708,0.97292,119629
2011.03.03,00:00,0.97292,0.9752,0.97141,0.97272,114808
2011.03.04,00:00,0.97276,0.97425,0.96992,0.97326,109380
2011.03.06,00:00,0.97325,0.97325,0.97154,0.97187,2113
2011.03.07,00:00,0.97187,0.97426,0.96996,0.97309,102960
2011.03.08,00:00,0.97309,0.97474,0.9707,0.97092,125735
2011.03.09,00:00,0.97092,0.97145,0.96672,0.96868,102828
2011.03.10,00:00,0.96868,0.97665,0.96827,0.97506,152054
2011.03.11,00:00,0.97506,0.98017,0.97039,0.97308,140967
2011.03.13,00:00,0.97276,0.97428,0.97197,0.97378,7902
2011.03.14,00:00,0.97379,0.97636,0.97102,0.97419,116073
2011.03.15,00:00,0.97424,0.99739,0.97368,0.98387,241960
2011.03.16,00:00,0.98391,0.9967,0.98069,0.99249,219444
2011.03.17,00:00,0.9925,0.99349,0.98343,0.98428,187413
2011.03.18,00:00,0.98428,0.98656,0.98037,0.98387,152831
2011.03.20,00:00,0.98439,0.98526,0.98364,0.98367,8057
2011.03.21,00:00,0.98364,0.98444,0.97487,0.97871,114097
2011.03.22,00:00,0.97871,0.98223,0.97463,0.98192,128193
2011.03.23,00:00,0.98191,0.98429,0.97916,0.98059,133439
2011.03.24,00:00,0.98059,0.98239,0.97308,0.97666,140675
2011.03.25,00:00,0.97666,0.98264,0.97416,0.98015,119551
2011.03.27,00:00,0.97995,0.98225,0.97976,0.98147,4252
2011.03.28,00:00,0.98147,0.98205,0.97409,0.97799,122153
2011.03.29,00:00,0.97799,0.97831,0.97374,0.97387,102756
2011.03.30,00:00,0.97387,0.97532,0.9686,0.97194,126435
2011.03.31,00:00,0.97197,0.97288,0.96827,0.96988,124941
2011.04.01,00:00,0.96986,0.97012,0.96259,0.96303,136919
2011.04.03,00:00,0.96337,0.96449,0.96288,0.96321,2156
2011.04.04,00:00,0.96318,0.96868,0.96157,0.96724,105506
2011.04.05,00:00,0.96725,0.96923,0.96268,0.9635,121976
2011.04.06,00:00,0.9635,0.96402,0.95684,0.96027,122705
2011.04.07,00:00,0.96028,0.96233,0.95695,0.95897,131253
2011.04.08,00:00,0.95898,0.95915,0.9526,0.95521,122805
2011.04.10,00:00,0.95483,0.95652,0.95423,0.95507,4403
2011.04.11,00:00,0.95509,0.95767,0.95422,0.95656,113514
2011.04.12,00:00,0.95655,0.96569,0.95584,0.96095,156615
2011.04.13,00:00,0.96095,0.96548,0.9585,0.9626,132927
2011.04.14,00:00,0.9626,0.96685,0.95947,0.95985,162911
2011.04.15,00:00,0.95985,0.96491,0.95905,0.95905,121538
2011.04.17,00:00,0.95861,0.96053,0.95833,0.95998,4817
2011.04.18,00:00,0.95998,0.97209,0.9596,0.96431,148529
2011.04.19,00:00,0.9643,0.96667,0.95478,0.95488,151997
2011.04.20,00:00,0.95487,0.9557,0.94968,0.95178,140299
2011.04.21,00:00,0.95178,0.9537,0.94538,0.95235,137975
2011.04.22,00:00,0.95232,0.95454,0.9518,0.95383,21078
2011.04.24,00:00,0.95215,0.95353,0.95126,0.95239,5003
2011.04.25,00:00,0.95237,0.95602,0.95034,0.95486,84475
2011.04.26,00:00,0.95486,0.95618,0.94928,0.94933,132525
2011.04.27,00:00,0.9493,0.95753,0.94872,0.94996,138823
2011.04.28,00:00,0.94996,0.95203,0.94642,0.95027,126417
2011.04.29,00:00,0.95027,0.95493,0.94444,0.94466,105147
2011.05.01,00:00,0.94538,0.94751,0.94455,0.94569,9837
2011.05.02,00:00,0.94564,0.95192,0.9447,0.95129,110979
2011.05.03,00:00,0.9513,0.95411,0.94582,0.95192,152055
2011.05.04,00:00,0.95193,0.96029,0.9504,0.95875,182648
2011.05.05,00:00,0.95875,0.97123,0.95671,0.96554,213537
2011.05.06,00:00,0.96552,0.9702,0.95731,0.9664,221670
2011.05.08,00:00,0.96654,0.96694,0.96314,0.96315,9111
2011.05.09,00:00,0.96316,0.96953,0.96037,0.96448,182435
2011.05.10,00:00,0.96449,0.96528,0.95595,0.95694,170932
2011.05.11,00:00,0.95694,0.96381,0.95128,0.9607,186652
2011.05.12,00:00,0.96071,0.96939,0.95988,0.96323,198184
2011.05.13,00:00,0.96323,0.97436,0.9604,0.96815,183614
2011.05.15,00:00,0.96874,0.97034,0.96854,0.97011,7839
2011.05.16,00:00,0.97011,0.97698,0.96833,0.97518,202803
2011.05.17,00:00,0.97518,0.97927,0.97144,0.97198,211427
2011.05.18,00:00,0.97198,0.97592,0.96893,0.96933,175868
2011.05.19,00:00,0.96932,0.97134,0.96533,0.96698,183371
2011.05.20,00:00,0.96698,0.97711,0.96406,0.97385,178372
2011.05.22,00:00,0.97368,0.97507,0.97296,0.97386,7938
2011.05.23,00:00,0.97386,0.98097,0.97361,0.97839,173090
2011.05.24,00:00,0.9784,0.97904,0.97539,0.97656,173218
2011.05.25,00:00,0.97656,0.98156,0.97433,0.97908,184982
2011.05.26,00:00,0.97909,0.98155,0.9756,0.97903,184034
2011.05.27,00:00,0.97903,0.97974,0.97526,0.97594,160218
2011.05.29,00:00,0.97732,0.97848,0.97672,0.97679,5043
2011.05.30,00:00,0.97679,0.97865,0.97517,0.9761,68232
2011.05.31,00:00,0.9761,0.97635,0.96544,0.96754,164438
2011.06.01,00:00,0.96753,0.97809,0.96666,0.97689,175213
2011.06.02,00:00,0.97691,0.98091,0.97444,0.97558,189915
2011.06.03,00:00,0.97557,0.98514,0.97441,0.97777,175217
2011.06.05,00:00,0.97824,0.97824,0.97668,0.97681,7647
2011.06.06,00:00,0.97682,0.98167,0.97679,0.97966,165871
2011.06.07,00:00,0.97965,0.98094,0.97311,0.97443,169980
2011.06.08,00:00,0.97443,0.98205,0.9742,0.97965,185923
2011.06.09,00:00,0.97965,0.98123,0.97233,0.97474,178439
2011.06.10,00:00,0.97473,0.97979,0.97117,0.97964,170218
2011.06.12,00:00,0.97889,0.97976,0.97785,0.97946,6669
2011.06.13,00:00,0.97946,0.97968,0.97512,0.97624,150998
2011.06.14,00:00,0.97622,0.97711,0.96746,0.96895,165057
2011.06.15,00:00,0.96895,0.98285,0.96696,0.97803,196310
2011.06.16,00:00,0.97803,0.98975,0.97722,0.98116,229192
2011.06.17,00:00,0.98116,0.98683,0.9775,0.97924,189013
2011.06.19,00:00,0.98131,0.98174,0.98016,0.98155,5421
2011.06.20,00:00,0.98157,0.98487,0.97753,0.97867,158322
2011.06.21,00:00,0.97866,0.98048,0.97052,0.97241,167671
2011.06.22,00:00,0.9724,0.97528,0.97,0.97382,181444
2011.06.23,00:00,0.97382,0.98236,0.9713,0.97801,224449
2011.06.24,00:00,0.97801,0.98858,0.97701,0.98838,195706
2011.06.26,00:00,0.98664,0.98934,0.98591,0.9891,8244
2011.06.27,00:00,0.9891,0.99122,0.98511,0.98545,197380
2011.06.28,00:00,0.98544,0.98837,0.98012,0.98109,190465
2011.06.29,00:00,0.98109,0.98245,0.96677,0.96828,185963
2011.06.30,00:00,0.96827,0.96862,0.9624,0.96431,164979
2011.07.01,00:00,0.96432,0.96505,0.958,0.95821,123676
2011.07.03,00:00,0.95928,0.95933,0.95793,0.9585,4101
2011.07.04,00:00,0.9585,0.96172,0.95799,0.96021,76573
2011.07.05,00:00,0.96021,0.96419,0.95949,0.96264,128088
2011.07.06,00:00,0.96267,0.9694,0.9614,0.96468,138602
2011.07.07,00:00,0.96465,0.96655,0.95686,0.95799,135895
2011.07.08,00:00,0.95799,0.96646,0.95634,0.96267,145262
2011.07.10,00:00,0.96098,0.96328,0.96098,0.96291,6581
2011.07.11,00:00,0.9629,0.96946,0.96227,0.9689,175545
2011.07.12,00:00,0.9689,0.9778,0.96257,0.96437,226950
2011.07.13,00:00,0.96438,0.96448,0.95599,0.95614,195186
2011.07.14,00:00,0.95614,0.96159,0.95485,0.95937,187344
2011.07.15,00:00,0.95937,0.96235,0.95198,0.95302,149253
2011.07.17,00:00,0.9543,0.95487,0.95312,0.9544,5227
2011.07.18,00:00,0.95439,0.96347,0.95439,0.95842,156138
2011.07.19,00:00,0.95843,0.95921,0.94818,0.95049,164837
2011.07.20,00:00,0.95049,0.95125,0.94564,0.94599,155345
2011.07.21,00:00,0.94601,0.94926,0.94228,0.9442,178498
2011.07.22,00:00,0.9442,0.95296,0.94269,0.94759,147266
2011.07.24,00:00,0.94839,0.95155,0.94771,0.9513,6327
2011.07.25,00:00,0.9513,0.95243,0.94341,0.94714,126763
2011.07.26,00:00,0.94715,0.94742,0.94061,0.94378,136808
2011.07.27,00:00,0.94378,0.95052,0.94096,0.94977,152199
2011.07.28,00:00,0.94975,0.95223,0.94578,0.95028,149843
2011.07.29,00:00,0.95028,0.95896,0.94971,0.9551,165929
2011.07.31,00:00,0.95392,0.9557,0.95178,0.95178,11454
2011.08.01,00:00,0.95178,0.96047,0.9491,0.9551,149907
2011.08.02,00:00,0.9551,0.96193,0.9547,0.96184,181246
2011.08.03,00:00,0.96184,0.96462,0.95678,0.96098,198937
2011.08.04,00:00,0.96098,0.98145,0.96097,0.98023,243171
2011.08.05,00:00,0.98021,0.9853,0.97422,0.98183,275849
2011.08.07,00:00,0.98138,0.98639,0.9799,0.98353,16535
2011.08.08,00:00,0.98349,0.99439,0.97818,0.99299,280993
2011.08.09,00:00,0.99298,1.00096,0.97653,0.98106,352006
2011.08.10,00:00,0.98106,0.9954,0.97934,0.99263,274753
2011.08.11,00:00,0.9926,0.99678,0.98327,0.98628,300158
2011.08.12,00:00,0.9863,0.99181,0.98513,0.98713,202008
2011.08.14,00:00,0.98692,0.98874,0.98674,0.98825,6514
2011.08.15,00:00,0.98822,0.99053,0.97879,0.98125,149474
2011.08.16,00:00,0.98126,0.98718,0.97996,0.98309,178048
2011.08.17,00:00,0.98307,0.98453,0.97745,0.98057,165652
2011.08.18,00:00,0.98055,0.99378,0.98037,0.99224,203884
2011.08.19,00:00,0.99224,0.99226,0.9826,0.98994,213053
2011.08.21,00:00,0.99024,0.99183,0.98997,0.99033,7366
2011.08.22,00:00,0.99033,0.99077,0.98287,0.99036,187685
2011.08.23,00:00,0.99036,0.99096,0.98489,0.98791,193283
2011.08.24,00:00,0.98792,0.9905,0.98395,0.98746,177233
2011.08.25,00:00,0.98747,0.98869,0.97912,0.98718,192866
2011.08.26,00:00,0.98715,0.99234,0.98075,0.98115,183612
2011.08.28,00:00,0.97957,0.98334,0.97957,0.98022,8983
2011.08.29,00:00,0.98022,0.98179,0.97399,0.97663,134751
2011.08.30,00:00,0.97663,0.98167,0.97563,0.97847,164491
2011.08.31,00:00,0.97846,0.98009,0.9725,0.97842,165308
2011.09.01,00:00,0.97842,0.9796,0.9736,0.97606,158070
2011.09.02,00:00,0.97607,0.98565,0.97562,0.98522,152066
2011.09.04,00:00,0.98615,0.98722,0.9854,0.98693,5855
2011.09.05,00:00,0.98699,0.99325,0.9853,0.99128,111109
2011.09.06,00:00,0.99128,0.9963,0.98621,0.98923,198029
2011.09.07,00:00,0.98921,0.99097,0.98305,0.98446,172086
2011.09.08,00:00,0.9844,0.98974,0.98295,0.98966,180623
2011.09.09,00:00,0.98963,0.99789,0.98681,0.99654,186412
2011.09.11,00:00,0.99687,0.99834,0.99635,0.99817,8751
2011.09.12,00:00,0.99817,1.0026,0.99142,0.99283,225719
2011.09.13,00:00,0.99283,0.99762,0.98501,0.98663,224343
2011.09.14,00:00,0.98663,0.99395,0.98456,0.99024,211862
2011.09.15,00:00,0.99024,0.99495,0.98295,0.98414,201523
2011.09.16,00:00,0.98414,0.98604,0.97787,0.97788,174545
2011.09.18,00:00,0.98106,0.98273,0.98036,0.98242,7770
2011.09.19,00:00,0.9824,0.99407,0.98058,0.99244,187183
2011.09.20,00:00,0.99244,0.99484,0.9882,0.99278,195993
2011.09.21,00:00,0.99281,1.00878,0.99164,1.00806,217101
2011.09.22,00:00,1.00807,1.03607,1.00799,1.02569,286133
2011.09.23,00:00,1.02569,1.03483,1.0224,1.02768,259038
2011.09.25,00:00,1.02739,1.03047,1.02663,1.02725,12739
2011.09.26,00:00,1.02723,1.03852,1.02402,1.0258,274335
2011.09.27,00:00,1.0258,1.02804,1.01435,1.02092,229611
2011.09.28,00:00,1.02093,1.03556,1.02046,1.03543,232625
2011.09.29,00:00,1.03543,1.04014,1.02561,1.03688,231853
2011.09.30,00:00,1.03688,1.05023,1.03544,1.05023,213057
2011.10.02,00:00,1.04876,1.05048,1.04688,1.04737,9764
2011.10.03,00:00,1.04738,1.05477,1.04309,1.05413,244338
2011.10.04,00:00,1.05411,1.06569,1.05032,1.05445,276800
2011.10.05,00:00,1.05445,1.05712,1.03959,1.04176,233798
2011.10.06,00:00,1.04176,1.04821,1.03693,1.03768,216645
2011.10.07,00:00,1.03767,1.04176,1.02342,1.03917,201456
2011.10.09,00:00,1.03867,1.03931,1.03588,1.03589,6068
2011.10.10,00:00,1.03588,1.03701,1.02508,1.02764,186615
2011.10.11,00:00,1.02765,1.0338,1.02558,1.02963,209083
2011.10.12,00:00,1.02963,1.03278,1.01328,1.01761,204824
2011.10.13,00:00,1.01764,1.02719,1.01632,1.02207,201835
2011.10.14,00:00,1.02206,1.02341,1.00943,1.00943,175450
2011.10.16,00:00,1.01075,1.01121,1.00906,1.01047,8742
2011.10.17,00:00,1.01046,1.02393,1.00433,1.02214,204730
2011.10.18,00:00,1.02214,1.02634,1.01113,1.01515,233776
2011.10.19,00:00,1.01518,1.02162,1.00849,1.01828,211460
2011.10.20,00:00,1.01832,1.02456,1.01312,1.01577,232735
2011.10.21,00:00,1.01579,1.01872,1.00642,1.00642,198671
2011.10.23,00:00,1.00893,1.00984,1.0074,1.00806,8696
2011.10.24,00:00,1.00806,1.00912,1.00214,1.00352,212541
2011.10.25,00:00,1.00352,1.02121,0.99905,1.01617,220062
2011.10.26,00:00,1.01619,1.01765,1.00323,1.00331,218761
2011.10.27,00:00,1.00335,1.00416,0.98915,0.99104,252204
2011.10.28,00:00,0.99105,0.99697,0.98947,0.99147,195420
2011.10.30,00:00,0.9914,0.99396,0.9912,0.99377,5612
2011.10.31,00:00,0.99377,1.0027,0.99226,0.99893,241070
2011.11.01,00:00,0.99893,1.02223,0.99737,1.02078,278304
2011.11.02,00:00,1.02078,1.02171,1.01062,1.01792,237472
2011.11.03,00:00,1.01794,1.02157,1.00541,1.008,248706
2011.11.04,00:00,1.008,1.02279,1.00691,1.0186,206002
2011.11.06,00:00,1.01641,1.01718,1.015,1.01673,4800
2011.11.07,00:00,1.01674,1.02031,1.01214,1.01387,201142
2011.11.08,00:00,1.01383,1.01815,1.00761,1.00929,192115
2011.11.09,00:00,1.00928,1.02474,1.00782,1.02376,240731
2011.11.10,00:00,1.02377,1.02652,1.01623,1.01631,234868
2011.11.11,00:00,1.01635,1.02316,1.00912,1.01022,173616
2011.11.13,00:00,1.00802,1.011,1.00766,1.00958,5106
2011.11.14,00:00,1.00956,1.0194,1.00909,1.01684,204658
2011.11.15,00:00,1.01682,1.02624,1.01583,1.02277,221868
2011.11.16,00:00,1.02274,1.02875,1.01719,1.02526,245288
2011.11.17,00:00,1.02526,1.02947,1.02078,1.0294,266176
2011.11.18,00:00,1.0294,1.03015,1.01988,1.02758,238221
2011.11.20,00:00,1.02639,1.02919,1.02639,1.02764,5176
2011.11.21,00:00,1.02764,1.04184,1.02764,1.03934,245041
2011.11.22,00:00,1.03934,1.04125,1.03455,1.03788,245803
2011.11.23,00:00,1.03792,1.04969,1.03792,1.04808,250714
2011.11.24,00:00,1.0481,1.04916,1.04377,1.0482,163647
2011.11.25,00:00,1.04818,1.05231,1.04386,1.04677,182690
2011.11.27,00:00,1.04293,1.04476,1.04036,1.04107,12499
2011.11.28,00:00,1.04107,1.04307,1.03037,1.03486,231387
2011.11.29,00:00,1.03486,1.03633,1.02581,1.03218,234509
2011.11.30,00:00,1.03221,1.03628,1.01231,1.01809,254549
2011.12.01,00:00,1.01809,1.02227,1.0135,1.01423,203932
2011.12.02,00:00,1.01425,1.01965,1.00791,1.0191,176150
2011.12.04,00:00,1.01657,1.01865,1.0159,1.01718,5106
2011.12.05,00:00,1.01718,1.01936,1.01194,1.01708,182398
2011.12.06,00:00,1.01708,1.02069,1.00845,1.00918,203052
2011.12.07,00:00,1.00918,1.01327,1.0066,1.00948,211549
2011.12.08,00:00,1.0095,1.0238,1.00515,1.02258,249030
2011.12.09,00:00,1.02258,1.02621,1.01653,1.01673,235955
2011.12.11,00:00,1.01888,1.02039,1.01824,1.01847,4038
2011.12.12,00:00,1.01847,1.02851,1.01817,1.02774,237445
2011.12.13,00:00,1.02774,1.03488,1.02311,1.03438,245479
2011.12.14,00:00,1.03438,1.04232,1.03261,1.03894,244916
2011.12.15,00:00,1.03891,1.04051,1.03197,1.03344,245162
2011.12.16,00:00,1.03344,1.04063,1.0297,1.03816,218321
2011.12.18,00:00,1.03651,1.03894,1.03635,1.03852,6183
2011.12.19,00:00,1.03854,1.04144,1.0334,1.03778,273846
2011.12.20,00:00,1.0378,1.03803,1.02629,1.02862,252495
2011.12.21,00:00,1.02863,1.03056,1.02085,1.02745,284429
2011.12.22,00:00,1.02744,1.02805,1.02,1.02106,201600
2011.12.23,00:00,1.02107,1.02143,1.01807,1.01995,146223
2011.12.25,00:02,1.0202,1.02189,1.01898,1.02074,3184
2011.12.26,00:00,1.02074,1.0232,1.01758,1.02007,30724
2011.12.27,00:00,1.02018,1.02154,1.01778,1.01944,130185
2011.12.28,00:00,1.01935,1.02582,1.01258,1.0257,199026
2011.12.29,00:00,1.02568,1.02682,1.01958,1.02055,189906
2011.12.30,00:00,1.02052,1.02194,1.01568,1.02076,156404
2012.01.01,00:00,1.02073,1.02101,1.01714,1.01792,2414
2012.01.02,00:00,1.01781,1.02102,1.01704,1.01723,37550
2012.01.03,00:00,1.01724,1.01758,1.00758,1.01138,204314
2012.01.04,00:00,1.01135,1.01615,1.01083,1.01351,242376
2012.01.05,00:00,1.01351,1.02251,1.01205,1.01979,292767
2012.01.06,00:00,1.01979,1.02859,1.01696,1.02819,243204
2012.01.08,00:00,1.02779,1.03017,1.02718,1.02899,7711
2012.01.09,00:00,1.02899,1.03184,1.0224,1.0225,261603
2012.01.10,00:00,1.0225,1.02277,1.01513,1.01724,245928
2012.01.11,00:00,1.01723,1.02098,1.01394,1.01818,256637
2012.01.12,00:00,1.01817,1.02108,1.01399,1.01825,257119
2012.01.13,00:00,1.01829,1.02829,1.01629,1.02302,265458
2012.01.15,00:00,1.02454,1.0252,1.02383,1.02436,5914
2012.01.16,00:00,1.02436,1.02524,1.0164,1.01765,191283
2012.01.17,00:00,1.01765,1.01772,1.01121,1.01487,263572
2012.01.18,00:00,1.01487,1.01771,1.0108,1.01162,294639
2012.01.19,00:00,1.01162,1.01273,1.00706,1.01182,267778
2012.01.20,00:00,1.01182,1.01599,1.01155,1.01303,256055
2012.01.22,00:00,1.01419,1.01597,1.01283,1.01511,4487
2012.01.23,00:00,1.01512,1.0157,1.0052,1.00752,220965
2012.01.24,00:00,1.00752,1.01405,1.00703,1.0092,233067
2012.01.25,00:00,1.00918,1.01476,1.0028,1.00451,269469
2012.01.26,00:00,1.00451,1.00468,0.9981,1.00267,267142
2012.01.27,00:00,1.00266,1.00406,0.99875,1.00138,250672
2012.01.29,00:00,1.001,1.00234,1.00089,1.0013,3194
2012.01.30,00:00,1.00126,1.00698,1.0011,1.00224,246741
2012.01.31,00:00,1.00223,1.00531,0.99649,1.00327,293360
2012.02.01,00:00,1.00324,1.0048,0.99635,0.99759,306207
2012.02.02,00:00,0.99757,1.00101,0.99678,0.99951,287692
2012.02.03,00:00,0.99951,1.00329,0.99275,0.99337,285787
2012.02.05,00:00,0.99433,0.99437,0.993,0.99342,4877
2012.02.06,00:00,0.99343,0.99932,0.9928,0.99635,251567
2012.02.07,00:00,0.99635,0.99948,0.99405,0.9951,264391
2012.02.08,00:00,0.99509,0.99899,0.99345,0.99639,241966
2012.02.09,00:00,0.99646,0.99796,0.99245,0.99536,242099
2012.02.10,00:00,0.99536,1.00383,0.99516,1.0011,224109
2012.02.12,00:00,1.00093,1.00154,0.9996,1.00013,7258
2012.02.13,00:00,1.00013,1.00115,0.99716,1.00103,231154
2012.02.14,00:00,1.00105,1.00264,0.99782,0.99872,226226
2012.02.15,00:00,0.99873,1.00051,0.9938,1.0004,273710
2012.02.16,00:00,1.0004,1.00509,0.99529,0.9969,260326
2012.02.17,00:00,0.9969,0.9984,0.99407,0.99661,215118
2012.02.19,00:00,0.9929,0.99334,0.99129,0.99167,8842
2012.02.20,00:00,0.99165,0.99574,0.99064,0.99465,144173
2012.02.21,00:00,0.99466,0.99758,0.99237,0.99642,233687
2012.02.22,00:00,0.99644,1.00194,0.99541,0.99938,230118
2012.02.23,00:00,0.99935,1.00098,0.9953,0.99726,223348
2012.02.24,00:00,0.99726,1.0003,0.99658,0.99916,226739
2012.02.26,00:00,0.99861,0.99992,0.99761,0.99967,12945
2012.02.27,00:00,0.99965,1.00492,0.9976,0.99814,226749
2012.02.28,00:00,0.99814,0.99855,0.9939,0.99391,243018
2012.02.29,00:00,0.99391,0.99424,0.9843,0.98844,272697
2012.03.01,00:00,0.98844,0.98998,0.98417,0.98519,259402
2012.03.02,00:00,0.9852,0.98965,0.98481,0.989,211665
2012.03.04,00:00,0.98879,0.99069,0.98846,0.98953,7273
2012.03.05,00:00,0.98956,0.99594,0.9889,0.9939,227104
2012.03.06,00:00,0.9939,1.00279,0.99363,1.00128,249931
2012.03.07,00:00,1.00128,1.00247,0.99726,0.99835,215673
2012.03.08,00:00,0.99832,0.99899,0.98929,0.99048,229479
2012.03.09,00:00,0.99048,0.99352,0.98722,0.99049,213282
2012.03.11,00:00,0.9911,0.9913,0.99006,0.99033,4825
2012.03.12,00:00,0.99034,0.99468,0.98983,0.99147,204014
2012.03.13,00:00,0.99147,0.9926,0.98793,0.98845,221985
2012.03.14,00:00,0.98845,0.99443,0.98823,0.9939,235405
2012.03.15,00:00,0.99392,0.99486,0.99054,0.99233,241059
2012.03.16,00:00,0.99232,0.99405,0.99004,0.99152,195038
2012.03.18,00:00,0.99106,0.99164,0.99078,0.99105,5891
2012.03.19,00:00,0.99106,0.993,0.98602,0.98764,185081
2012.03.20,00:00,0.98765,0.99687,0.98703,0.99108,214779
2012.03.21,00:00,0.99108,0.99349,0.98741,0.99205,222091
2012.03.22,00:00,0.99204,1.0008,0.99115,0.99878,254818
2012.03.23,00:00,0.99874,1.00338,0.99705,0.99764,212997
2012.03.25,00:00,0.99804,0.99827,0.99649,0.99658,7398
2012.03.26,00:00,0.99658,0.99988,0.99039,0.99139,238072
2012.03.27,00:00,0.99139,0.99574,0.99001,0.99559,225950
2012.03.28,00:00,0.99559,0.99998,0.99461,0.99778,242105
